player_id,actual_rushing_yards,predicted_rushing_yards
00-0023459,0.0,-0.001363736325621057
00-0023459,0.0,0.004114626142791169
00-0023459,0.0,0.011849775037439642
00-0023459,0.0,-0.0012982044792898661
00-0023459,0.0,-0.0013697629451645708
00-0023459,0.0,0.021480986225982504
00-0023459,0.0,-0.002835612374886961
00-0026158,0.0,-0.0014349110746934904
00-0026158,0.0,0.011856626428022739
00-0026158,0.0,-0.0014657026727721053
00-0026158,0.0,-0.0009213391248314323
00-0026300,0.0,0.00036421061963685524
00-0026498,0.0,-0.002526627938498377
00-0026498,0.0,0.01335954177678111
00-0026498,0.0,0.018463812404851537
00-0026498,0.0,0.0043420761664342035
00-0026498,0.0,-0.0023238273049162143
00-0027973,0.0,-0.0014894139613520856
00-0027973,0.0,-0.0025425158736510104
00-0027973,0.0,0.024731721429438278
00-0027973,0.0,0.000392669848223754
00-0028118,0.0,-0.0033784964685440897
00-0028118,0.0,-0.0016548434053249828
00-0029263,1.0,0.6674431106446949
00-0029263,0.0,0.19424196294994941
00-0029263,0.0,0.5465058247569198
00-0029263,0.0,0.006792424201585716
00-0029263,0.0,-0.0005603781954214881
00-0029263,0.0,-0.0006041441334834069
00-0029263,0.0,0.021783357744612864
00-0029263,0.0,0.0030136488135609086
00-0029263,0.0,0.016082675415438383
00-0029263,1.0,0.4199756718569262
00-0029263,0.0,0.1017045165597812
00-0029263,0.0,0.09911569382403496
00-0029604,0.0,-0.0011298200361909423
00-0029604,0.0,-0.0006063406725074223
00-0029892,1.0,0.7352777457505592
00-0029892,0.0,0.6008295176275095
00-0029892,0.0,0.4707461994714884
00-0029892,0.0,-0.0024971400644861015
00-0030506,0.0,0.0006239755015901467
00-0030565,1.0,0.31643509703090533
00-0030565,0.0,0.05778053716513398
00-0030565,0.0,0.012478508380754727
00-0030565,0.0,0.03103404286849287
00-0030565,0.0,0.005408015236265511
00-0030565,0.0,0.0037681981282388613
00-0030565,0.0,0.011697047098996851
00-0030565,1.0,0.3995008651675345
00-0030565,0.0,0.17437634298337287
00-0030565,0.0,0.20381897868186005
00-0030565,0.0,-0.002605708647405012
00-0030565,0.0,-0.0030963632222759923
00-0030565,0.0,0.006236693802812113
00-0030565,0.0,-0.0017196470824596634
00-0030578,0.0,0.009150404532277072
00-0030578,0.0,0.002427455283416106
00-0030578,0.0,0.019817771424013995
00-0030578,0.0,0.020803348628588045
00-0030578,0.0,-0.0050012834948344
00-0030578,0.0,-0.00040960081770895305
00-0030578,0.0,0.01567648594068585
00-0030578,0.0,-0.0014672884424505271
00-0030578,0.0,-0.0009605259416883194
00-0030578,0.0,-0.0018596805423457686
00-0031236,0.0,-0.0013697629451645708
00-0031280,0.0,0.0031259424260924526
00-0031280,1.0,0.41278832325407644
00-0031280,0.0,0.4061852775396815
00-0031280,0.0,0.5229501724822643
00-0031280,0.0,0.016097650238827897
00-0031280,0.0,-0.0013777552022058446
00-0031280,0.0,-0.0011832118864313905
00-0031280,0.0,-0.0007267958090569783
00-0031345,0.0,-0.0025425158736510104
00-0031503,0.0,-0.0010331181123706234
00-0031503,0.0,-0.0024016025268305532
00-0031503,0.0,-0.0014672884424505271
00-0031503,0.0,0.012816980691155586
00-0031503,0.0,-0.0024971400644861015
00-0031503,1.0,0.23681704021551084
00-0031503,0.0,0.3487649054967424
00-0031503,0.0,0.5400082513170352
00-0031588,0.0,-0.0014161014413241763
00-0031588,1.0,0.6534199068829903
00-0031595,0.0,-0.0009189163648597042
00-0031595,0.0,-0.0017611910556854767
00-0031595,1.0,0.7426654844167603
00-0031595,0.0,0.8126947520513662
00-0031687,0.0,0.0022363248245661897
00-0031687,0.0,0.1023367725212602
00-0031687,0.0,0.02674056542470569
00-0031687,2.0,0.4324828991735407
00-0031687,0.0,0.7631269724474472
00-0031687,0.0,-0.0012191237703832317
00-0031687,0.0,0.008850289410641652
00-0031687,0.0,0.0009106016451512492
00-0031687,0.0,0.06203905642967098
00-0031687,0.0,0.006925796753851525
00-0031800,0.0,0.1656068466539304
00-0031800,0.0,0.000465200469917774
00-0032104,0.0,-0.0025425158736510104
00-0032104,1.0,0.6098534380171379
00-0032104,0.0,0.3380556272548524
00-0032104,0.0,0.09075955910591947
00-0032104,0.0,0.00010710164863673418
00-0032104,0.0,-0.002594665561772058
00-0032104,0.0,0.013983772379298494
00-0032104,0.0,0.013910339344618737
00-0032104,0.0,-0.0025416489852585116
00-0032104,0.0,-0.0017082352555654302
00-0032104,1.0,0.6572205871984987
00-0032104,0.0,0.8561532431627675
00-0032268,0.0,-3.334126493020739e-05
00-0032268,0.0,0.08555737993427318
00-0032268,1.0,0.4906157596400364
00-0032268,0.0,0.14643898242230508
00-0032385,0.0,0.02755176058849342
00-0032385,0.0,0.010644367631664427
00-0032385,0.0,-0.0013793409718842662
00-0032385,0.0,-0.002888568175007007
00-0032434,0.0,-0.0014672884424505271
00-0032464,0.0,-0.0010325727116500497
00-0032764,1.0,0.37530329220162334
00-0032764,1.0,1.0245749781081224
00-0032764,2.0,1.8886182575743462
00-0032764,1.0,1.8810526355058903
00-0032764,1.0,1.1252257132307157
00-0032764,2.0,1.7847940171949557
00-0032764,0.0,1.508136476004005
00-0032764,1.0,0.7018053239979196
00-0032764,2.0,1.3975617854896916
00-0032764,1.0,1.193060897110489
00-0032764,1.0,0.8766201122356996
00-0032764,0.0,1.1011269330223825
00-0032764,0.0,0.34428774678380275
00-0032764,0.0,0.09811124110151002
00-0032764,0.0,0.17681345947548396
00-0032764,1.0,0.6686420861045613
00-0032764,2.0,1.3784294138184816
00-0032764,2.0,2.4463845165264324
00-0032764,1.0,1.6651314292324337
00-0032918,1.0,0.4992775577128564
00-0033009,0.0,0.0010192390588365909
00-0033040,0.0,-0.0008774349838383182
00-0033040,0.0,0.0103767908122697
00-0033040,0.0,0.002842592549067356
00-0033040,0.0,-0.0013697629451645708
00-0033040,0.0,0.0010537310457657343
00-0033045,1.0,0.6159700439895809
00-0033045,0.0,0.07939022307868637
00-0033045,0.0,0.047568224844010035
00-0033045,0.0,0.01351789402297026
00-0033045,0.0,0.006188001065287201
00-0033045,0.0,0.0063667245412717295
00-0033045,1.0,0.3885013553118301
00-0033045,0.0,0.344099888346971
00-0033045,0.0,0.05290546043002281
00-0033045,0.0,-0.0014014664907858246
00-0033045,0.0,-0.0013150574679917366
00-0033045,0.0,-0.00141513875432948
00-0033045,0.0,0.030156562874772096
00-0033045,1.0,0.2373235945522093
00-0033045,0.0,0.30318446395554294
00-0033077,0.0,-0.0015252681220380721
00-0033077,0.0,-0.0033109465545409647
00-0033077,1.0,0.25846836940259443
00-0033077,0.0,0.4389013589851156
00-0033077,0.0,-0.002226317183356857
00-0033077,0.0,0.01416386523222269
00-0033106,0.0,-0.0012271160274245061
00-0033106,0.0,-0.002403656762192408
00-0033106,0.0,0.001238537968046246
00-0033106,0.0,0.001063449346774621
00-0033106,0.0,0.001443629647475628
00-0033106,0.0,-0.00015530179498197597
00-0033106,0.0,0.03153256157479995
00-0033106,0.0,-0.0009213391248314323
00-0033106,0.0,0.007152836897349886
00-0033106,0.0,-0.0024971400644861015
00-0033106,0.0,-0.001047274939346979
00-0033119,0.0,0.026168131302804765
00-0033119,0.0,-0.00013439702851214584
00-0033119,0.0,-0.002917842795857387
00-0033119,0.0,-0.0013017253218908901
00-0033119,0.0,-0.0014014664907858246
00-0033280,0.0,0.5506705308670571
00-0033280,0.0,0.08605213962790995
00-0033280,0.0,0.01621033649371881
00-0033280,0.0,0.037534968179129796
00-0033282,0.0,-0.001248333471650443
00-0033282,0.0,-9.293583387906845e-05
00-0033282,0.0,0.0005116637604634902
00-0033293,1.0,1.3040526976649995
00-0033293,0.0,0.19351298291125466
00-0033293,0.0,0.45079046420280333
00-0033293,0.0,0.09820543166123345
00-0033293,0.0,-0.0014941347288885544
00-0033293,1.0,0.3207047516372974
00-0033293,0.0,0.4258238744350366
00-0033293,0.0,0.42856023111916625
00-0033293,0.0,0.11757135099330977
00-0033293,0.0,0.0953288387041627
00-0033293,1.0,0.4577772287760942
00-0033293,0.0,0.1257823081916465
00-0033293,1.0,0.5027785200181052
00-0033293,1.0,0.6349495198821028
00-0033293,0.0,0.41068191580538554
00-0033293,0.0,0.27377078463719096
00-0033293,0.0,0.01078570626495548
00-0033293,0.0,0.011800164287910073
00-0033307,0.0,-0.0013243633519653976
00-0033357,0.0,0.050617378744065904
00-0033357,0.0,-0.009687825050758379
00-0033357,2.0,0.8520769431437253
00-0033357,0.0,0.3698977242503968
00-0033357,1.0,1.0855821009286395
00-0033357,0.0,0.27863305881148137
00-0033357,3.0,1.5971995286530092
00-0033357,0.0,0.43100861936685636
00-0033526,0.0,0.023793963941163586
00-0033526,1.0,0.29349169006081405
00-0033526,0.0,0.5241238732814614
00-0033526,0.0,-0.0010176190349158404
00-0033526,0.0,-0.0009276010780260766
00-0033526,0.0,-0.0011510861471095513
00-0033526,0.0,-0.00028606165184382273
00-0033526,0.0,-0.0017611910556854767
00-0033526,0.0,-0.0006323045180733521
00-0033526,0.0,-0.004782706653501137
00-0033537,0.0,0.004810983729408531
00-0033537,1.0,0.20973492597432883
00-0033537,0.0,0.1999023268203002
00-0033537,0.0,0.2930783144868273
00-0033537,0.0,-0.002358148755117012
00-0033537,0.0,0.00936293001704114
00-0033553,1.0,0.3637875745156451
00-0033553,1.0,1.2211934694515865
00-0033553,0.0,0.393022825913717
00-0033553,1.0,0.9357514795188644
00-0033553,0.0,0.5791589654891403
00-0033553,0.0,0.28262640357032753
00-0033553,0.0,0.10800975686686756
00-0033553,1.0,0.5080633783850338
00-0033553,0.0,0.44797059444859305
00-0033553,1.0,0.5904428480377587
00-0033553,0.0,0.04065985989972708
00-0033553,0.0,0.5339746675975714
00-0033553,0.0,0.10764549342316548
00-0033553,2.0,0.7951408254101171
00-0033553,1.0,0.8916847254110979
00-0033553,0.0,0.34984115425854895
00-0033557,0.0,-0.0012928585602312644
00-0033662,0.0,-0.002226317183356857
00-0033662,0.0,-0.002594665561772058
00-0033662,0.0,-0.0011269895848737528
00-0033662,0.0,-0.002594665561772058
00-0033662,0.0,0.005248076753641227
00-0033662,0.0,-0.00141513875432948
00-0033662,0.0,0.010738837561885355
00-0033662,0.0,-0.0014014664907858246
00-0033699,0.0,0.0010345143308076704
00-0033699,0.0,0.026402229702404363
00-0033699,1.0,0.40035463327512105
00-0033699,0.0,0.49481540774006455
00-0033699,0.0,0.14287875095903685
00-0033699,0.0,0.009678640645877503
00-0033699,0.0,0.037917315205385174
00-0033699,1.0,0.3102111483472236
00-0033699,2.0,0.7503516212992709
00-0033699,0.0,0.6216994171193392
00-0033699,0.0,0.6296456492557991
00-0033699,0.0,-0.0031866708606095554
00-0033699,0.0,0.022041998021675592
00-0033699,0.0,0.02177142314372391
00-0033699,0.0,0.0019515982704982875
00-0033854,0.0,-0.0012191237703832317
00-0033854,0.0,-0.0012191237703832317
00-0033854,0.0,0.03843834328122062
00-0033854,0.0,-0.0010801611190353782
00-0033854,0.0,0.0068575095665784755
00-0033854,0.0,-0.000495868539270698
00-0033854,0.0,-0.001149115103775311
00-0033854,0.0,0.02130460195849111
00-0033854,0.0,-0.0027675747516132804
00-0033854,0.0,-0.0009238407571564985
00-0033854,0.0,-0.00325539338100469
00-0033869,0.0,0.009855171009920276
00-0033873,0.0,-0.002574679784113894
00-0033873,0.0,0.01904511208829707
00-0033873,0.0,0.010048890041415319
00-0033873,0.0,0.006472185731801891
00-0033873,0.0,0.021880703172481836
00-0033873,1.0,0.4044454830225424
00-0033873,0.0,0.18609157030870682
00-0033873,0.0,0.12785051328004735
00-0033873,0.0,0.005735139109845202
00-0033873,0.0,0.09873345992798173
00-0033873,0.0,-0.003335922021052022
00-0033873,0.0,0.004205783440498597
00-0033873,0.0,-9.15183360693675e-05
00-0033873,1.0,0.4977687558118853
00-0033873,0.0,0.12443318713523165
00-0033873,0.0,0.17256184797535493
00-0033873,2.0,0.75815173387082
00-0033873,0.0,0.32106889106856107
00-0033893,0.0,0.0007218045201573926
00-0033893,0.0,-0.002835612374886961
00-0033897,1.0,1.0349085896916423
00-0033897,0.0,0.4344195831042943
00-0033897,1.0,1.0123027645034481
00-0033897,2.0,1.2432321930684103
00-0033897,1.0,1.000269112938113
00-0033897,1.0,1.1407253272722508
00-0033897,1.0,0.40965058705007784
00-0033897,3.0,1.7472291762724892
00-0033897,0.0,0.8376175832243643
00-0033897,1.0,1.3192500717221178
00-0033897,0.0,0.23234111131181037
00-0033897,0.0,0.28936669183806235
00-0033897,0.0,0.006172500802876839
00-0033897,0.0,0.020781047413604762
00-0033897,1.0,0.6468641314297059
00-0033897,1.0,0.3636447900679399
00-0033906,1.0,0.6658553324846693
00-0033906,3.0,1.7849129852820542
00-0033906,0.0,1.181615734700743
00-0033906,1.0,1.073914452651457
00-0033906,0.0,0.13730124664891483
00-0033906,1.0,0.6097960452634914
00-0033906,0.0,0.12228479630686606
00-0033906,0.0,0.4207354512456494
00-0033906,0.0,0.30411285412019257
00-0033906,0.0,0.07542947038984661
00-0033906,0.0,0.04969203699512043
00-0033906,0.0,0.09121887130352367
00-0033906,0.0,0.07198246358591996
00-0033906,0.0,-0.01002262329624738
00-0033908,0.0,-0.002226317183356857
00-0033921,0.0,-0.0013075043332644958
00-0033923,0.0,0.6792328021333761
00-0033923,1.0,1.3175048807825833
00-0033923,2.0,0.9443222141140721
00-0033923,1.0,1.0663972538666506
00-0033923,1.0,1.3593991182804799
00-0033923,0.0,0.54962321697542
00-0033923,0.0,0.3224286736686232
00-0033923,0.0,0.1164417296173084
00-0033923,0.0,-0.006030613322805223
00-0033923,0.0,0.00024324763955957206
00-0033923,0.0,0.02254171179145138
00-0033923,1.0,0.4179677670421765
00-0033923,1.0,0.4938167286756764
00-0033923,1.0,0.7090566225814583
00-0033923,1.0,1.048744990754772
00-0033923,0.0,0.09231774969393039
00-0033925,0.0,0.04314467340504224
00-0033925,0.0,-0.0026425493399454564
00-0033925,0.0,0.002201654519928946
00-0033925,0.0,0.019361514195150364
00-0033925,0.0,0.01327026988549319
00-0033925,0.0,-0.0037261819770676883
00-0033925,0.0,0.016559322214148582
00-0033925,0.0,-0.0013992508191768467
00-0033925,0.0,0.024645914778036192
00-0033925,0.0,0.008024015785779349
00-0033948,1.0,0.7256229968703027
00-0033948,0.0,0.6955887255189516
00-0033948,0.0,-0.0016416665288006302
00-0033948,0.0,-0.002526627938498377
00-0033948,0.0,-0.0025425158736510104
00-0033948,0.0,0.002667912466823183
00-0033948,0.0,-0.002594665561772058
00-0033948,0.0,-0.0009213391248314323
00-0033948,0.0,-0.001524444314938173
00-0033948,0.0,-0.003389203343957319
00-0033948,0.0,0.0034470258057577034
00-0033949,1.0,0.19048009127615004
00-0033949,1.0,0.6172566232449062
00-0033955,0.0,-0.0005501962319898793
00-0033955,2.0,1.0674912799450083
00-0033955,1.0,0.8640809901474519
00-0033955,0.0,0.329243157134828
00-0033955,0.0,0.4090072983192103
00-0033955,0.0,0.01819254628931136
00-0033955,1.0,0.3816984000278356
00-0033955,0.0,0.3310368879022159
00-0033955,0.0,0.46051158088753896
00-0033955,0.0,0.03736385290774989
00-0033955,0.0,-0.00017345858588436707
00-0033955,0.0,-0.0017082352555654302
00-0033955,0.0,-0.0006488071252866736
00-0033955,0.0,-0.0018776999026719273
00-0033955,1.0,0.6400317242617591
00-0034115,0.0,0.01711707058377443
00-0034115,0.0,-0.004148243577730408
00-0034115,0.0,0.0010537310457657343
00-0034115,0.0,0.003959942441371273
00-0034115,0.0,0.0014199727158419359
00-0034177,0.0,-0.003907296764615505
00-0034177,0.0,0.002842592549067356
00-0034184,0.0,0.020777322215017748
00-0034184,0.0,0.05615858704448821
00-0034184,0.0,0.001326982348527756
00-0034184,0.0,0.008478754259708454
00-0034184,0.0,0.03156016750268972
00-0034184,0.0,0.014715197715368061
00-0034184,1.0,0.11029349022869551
00-0034184,0.0,0.2234341187192142
00-0034184,1.0,0.6706025641553439
00-0034184,0.0,0.24217598913424482
00-0034184,2.0,0.9463287900565212
00-0034184,0.0,0.5189630161264989
00-0034208,0.0,0.0028191054977864567
00-0034208,0.0,-0.0023575439753377152
00-0034208,0.0,0.0010279339403666606
00-0034208,0.0,-0.001810601961711572
00-0034208,0.0,0.02004482653788085
00-0034272,0.0,-0.0026518214342597037
00-0034351,0.0,0.0013856312056472967
00-0034407,0.0,-0.0014014664907858246
00-0034407,0.0,0.00534548897716575
00-0034407,0.0,0.0010192390588365909
00-0034407,0.0,0.004782508451961611
00-0034407,0.0,0.0006239755015901467
00-0034407,0.0,-0.0008587676490093049
00-0034407,0.0,-0.0007835987443598572
00-0034407,0.0,0.0029313991103179986
00-0034407,0.0,-0.001272745126676073
00-0034613,0.0,-0.002226317183356857
00-0034753,0.0,0.0005845075792634726
00-0034753,0.0,-0.0012271160274245061
00-0034753,0.0,0.00031081876939640805
00-0034753,0.0,0.013844404063185722
00-0034753,0.0,-0.0012059063711695917
00-0034771,0.0,0.0033819971919761094
00-0034771,1.0,0.5778109284339307
00-0034771,0.0,0.24706960181107507
00-0034771,0.0,0.14589545769714923
00-0034771,0.0,0.0028191054977864567
00-0034771,0.0,0.018628742706298423
00-0034771,0.0,0.0006239755015901467
00-0034791,1.0,0.14545257953142812
00-0034791,0.0,0.39022206240345936
00-0034791,0.0,0.21931013021442586
00-0034791,0.0,0.02618695915803221
00-0034791,2.0,1.2436666317123386
00-0034791,0.0,0.3969039887441046
00-0034791,0.0,0.6044934817929166
00-0034791,0.0,0.0054813413416139834
00-0034796,0.0,0.7928454634416314
00-0034796,0.0,0.010054071166127079
00-0034796,1.0,0.43133170212864375
00-0034796,1.0,0.5933724140303744
00-0034796,0.0,0.4974381793061176
00-0034796,0.0,0.2914813629441044
00-0034796,0.0,0.05997046878755603
00-0034796,0.0,0.002668580012983488
00-0034796,0.0,-0.013922328738825715
00-0034796,0.0,0.0626450393533904
00-0034796,0.0,0.015725429737905736
00-0034796,1.0,0.20286918174148166
00-0034796,0.0,0.4578642735490064
00-0034796,0.0,0.5337403040244426
00-0034796,0.0,0.04518293217338584
00-0034796,1.0,0.5240489768770259
00-0034796,0.0,0.4738489860755875
00-0034796,0.0,0.4985685350928558
00-0034796,0.0,0.018840456448723376
00-0034827,0.0,-0.001024580454608776
00-0034827,0.0,0.0031415465619608015
00-0034827,0.0,-0.001412148558072436
00-0034827,0.0,-0.0010502371381353216
00-0034827,0.0,-0.0025412737115316107
00-0034827,0.0,0.017555854174991854
00-0034827,0.0,-0.002594665561772058
00-0034827,0.0,-0.0006323045180733521
00-0034827,0.0,-0.0013259491216438192
00-0034837,1.0,0.4790541039145876
00-0034837,0.0,0.45876083913528076
00-0034837,0.0,-0.0013150574679917366
00-0034837,0.0,-0.0014014664907858246
00-0034837,0.0,0.004826227806903551
00-0034837,0.0,-0.0013777552022058446
00-0034844,2.0,1.6655353961400885
00-0034844,0.0,1.4885361119146396
00-0034844,2.0,1.31622795404109
00-0034844,0.0,0.5179025110702776
00-0034844,0.0,0.3724285129462308
00-0034844,1.0,0.6337536382496042
00-0034844,0.0,0.36975464938859964
00-0034844,1.0,1.3073498977361513
00-0034844,0.0,0.2389661940844793
00-0034844,2.0,1.430804757253033
00-0034844,2.0,1.8276652480684894
00-0034844,1.0,2.0220790851221295
00-0034844,0.0,0.9909110962712536
00-0034844,0.0,0.3265792678808482
00-0034844,2.0,0.8561723569031419
00-0034844,0.0,1.208882872815337
00-0034844,0.0,1.048114580544613
00-0034844,2.0,0.9346025952423659
00-0034844,3.0,1.7051953527718766
00-0034844,0.0,1.7072561012757836
00-0034855,0.0,0.018556922860849104
00-0034855,1.0,0.37576336127644716
00-0034855,1.0,0.5423976936465963
00-0034855,0.0,0.7089078391399322
00-0034855,0.0,0.38633399710614696
00-0034855,0.0,0.023108311263776847
00-0034855,0.0,0.0012953004769250325
00-0034855,0.0,0.010876712996898047
00-0034855,0.0,-0.0013793409718842662
00-0034855,1.0,0.5742217100138783
00-0034855,0.0,0.13461635173528175
00-0034855,0.0,0.1722111122163157
00-0034855,0.0,0.021147058994498705
00-0034855,0.0,0.012133193421253874
00-0034855,0.0,-0.0025631451870110097
00-0034855,0.0,0.11825972988714857
00-0034855,0.0,0.03271002473616593
00-0034857,2.0,1.7377611703460576
00-0034857,0.0,1.0267769377121425
00-0034857,0.0,0.7977964520402583
00-0034857,0.0,0.018801727034313077
00-0034857,0.0,0.009735087701226986
00-0034857,1.0,0.2772447905826877
00-0034857,0.0,0.12406579882430244
00-0034857,0.0,0.6878212166115959
00-0034857,0.0,-0.002293109039464315
00-0034857,1.0,0.6171637947969151
00-0034857,1.0,0.9552067752703487
00-0034857,1.0,0.8598829745093162
00-0034857,3.0,1.6594209739469843
00-0034857,2.0,1.697582819746237
00-0034857,0.0,1.4852554636755646
00-0034857,1.0,0.7611884704109048
00-0034857,0.0,0.4132313780736555
00-0034857,2.0,1.1191460206254464
00-0034857,0.0,0.528485588336435
00-0034869,0.0,0.42116135277957917
00-0034869,0.0,0.5216293363997759
00-0034869,0.0,0.012933212065888346
00-0034869,0.0,0.0054602483318443905
00-0034869,0.0,0.021888494481405174
00-0034869,0.0,-0.0015576986373126431
00-0034869,0.0,0.005866820938432273
00-0034869,0.0,0.029733811800871528
00-0034869,1.0,0.2786877697856723
00-0034869,0.0,0.49839381110222813
00-0034869,0.0,0.0074992601401980335
00-0034869,0.0,0.0024680470120638626
00-0034869,0.0,-0.0016873876057594288
00-0034869,0.0,0.006465102860516625
00-0034928,0.0,0.013844404063185722
00-0034960,0.0,0.38444700573092233
00-0034960,0.0,0.006720665715177961
00-0034972,0.0,0.008233617718545796
00-0034972,1.0,0.2530380309981669
00-0034972,1.0,0.32511459426204087
00-0034972,0.0,0.9375764556862074
00-0034972,0.0,0.2612427636243053
00-0034972,1.0,0.23515842019246047
00-0034972,0.0,0.4764236389564015
00-0034972,0.0,0.13597073914807487
00-0034972,0.0,-0.0070626905320450165
00-0034972,0.0,0.007722537017593226
00-0034972,0.0,0.016618431808293605
00-0034972,1.0,0.4485144324427221
00-0034972,0.0,0.5287941547212337
00-0034972,0.0,0.14197955066638457
00-0034974,0.0,-0.0030963632222759923
00-0034975,0.0,-0.0024393001155876694
00-0034975,0.0,0.012083397740240464
00-0034975,0.0,0.03742614267633908
00-0034975,0.0,0.01681073598901956
00-0034975,0.0,0.00927263218420989
00-0034975,0.0,0.0010192390588365909
00-0034975,0.0,0.012875502684182489
00-0034975,0.0,-0.0017611910556854767
00-0034975,0.0,0.014023316820160999
00-0034975,0.0,-0.0015666477399110213
00-0034975,1.0,0.6985423747619232
00-0034975,0.0,0.11650629380570747
00-0034975,0.0,0.14119602896047914
00-0034975,0.0,0.037562849693359705
00-0034975,0.0,0.029385282147884953
00-0034975,0.0,0.03229142781743265
00-0035021,0.0,-0.002594665561772058
00-0035021,0.0,-0.0009949148103069547
00-0035021,0.0,0.0027261324171717898
00-0035021,0.0,-0.001524444314938173
00-0035125,0.0,-0.0012191237703832317
00-0035125,0.0,-0.001071978299612771
00-0035125,1.0,0.7588396530476147
00-0035125,0.0,0.7000898312779785
00-0035125,0.0,0.0037653991255968146
00-0035140,1.0,0.6984405620017833
00-0035140,0.0,-0.0024449903763650543
00-0035140,0.0,-0.0009276010780260766
00-0035208,0.0,-0.0006488071252866736
00-0035216,0.0,-0.0025425158736510104
00-0035228,0.0,0.023018565735652627
00-0035228,0.0,0.06929560320730863
00-0035228,0.0,0.009630031668367407
00-0035228,0.0,-0.011315909712531
00-0035228,1.0,0.5351395589008318
00-0035228,0.0,0.21781510089217176
00-0035228,1.0,0.891090239262126
00-0035228,0.0,0.27489385371243624
00-0035228,0.0,0.15204522520304295
00-0035228,2.0,0.7893923158508065
00-0035228,0.0,0.22063052765700297
00-0035228,0.0,0.7570857121601474
00-0035228,0.0,0.0032914130545518027
00-0035228,0.0,0.012478562501772853
00-0035228,1.0,0.7400627741636536
00-0035228,0.0,0.17237754559667834
00-0035228,0.0,0.23338444950613657
00-0035243,0.0,0.014470371973464884
00-0035243,0.0,0.013154766049813917
00-0035243,1.0,0.2759724584356969
00-0035243,0.0,0.4351184328443851
00-0035243,0.0,0.07544864758341549
00-0035243,0.0,-0.0017082352555654302
00-0035243,0.0,0.016425716461212245
00-0035243,0.0,-0.0016548434053249828
00-0035243,0.0,0.0005030168884692749
00-0035243,1.0,0.8612832528349847
00-0035250,0.0,0.13573418554168767
00-0035250,1.0,0.48256828919593536
00-0035250,1.0,0.5781137110692941
00-0035250,0.0,0.7208289792946595
00-0035250,0.0,0.054649619281167634
00-0035250,0.0,-0.0016401976322917497
00-0035250,0.0,0.02206601852747368
00-0035250,0.0,0.02144734062666235
00-0035250,1.0,0.07955277316837753
00-0035250,0.0,0.31345646455722204
00-0035250,0.0,0.1520486416947761
00-0035250,1.0,0.4836932382050983
00-0035250,0.0,0.2566259214018112
00-0035250,0.0,0.424159318804746
00-0035250,0.0,0.02546256214206931
00-0035261,1.0,0.6350760999318159
00-0035261,0.0,0.5315817018571442
00-0035261,0.0,0.06694802850802631
00-0035261,1.0,0.5420257783727301
00-0035261,1.0,0.839416670699315
00-0035261,0.0,0.5549635769536435
00-0035261,0.0,0.458664989256918
00-0035261,0.0,0.01712461315054401
00-0035261,0.0,-0.02578309892042703
00-0035261,0.0,-0.015244040972212198
00-0035261,1.0,0.6233519332884405
00-0035261,0.0,0.1646499679337119
00-0035261,0.0,0.4107648237629817
00-0035261,1.0,0.30948002604481417
00-0035261,0.0,0.2016382006260244
00-0035261,0.0,0.4938235766202213
00-0035264,0.0,0.0058720259686278605
00-0035289,0.0,-0.0014672884424505271
00-0035289,0.0,-0.002346500889704762
00-0035289,0.0,0.012745609726460624
00-0035289,0.0,-0.0011210655829368844
00-0035289,0.0,-0.0013458589689363993
00-0035289,0.0,-0.002594665561772058
00-0035289,0.0,-0.002594665561772058
00-0035311,0.0,-0.001284271899912152
00-0035500,0.0,0.00023030361164240226
00-0035500,0.0,-0.001770278400414992
00-0035500,0.0,0.002173115908045994
00-0035500,0.0,-0.0012271160274245061
00-0035500,0.0,-0.0012271160274245061
00-0035535,0.0,-0.0014014664907858246
00-0035535,0.0,-0.002594665561772058
00-0035537,0.0,0.000997428706595918
00-0035537,0.0,0.0008174335538663249
00-0035537,1.0,0.3749167113051358
00-0035537,0.0,0.3454290518861341
00-0035537,0.0,0.6160919592370238
00-0035537,0.0,0.01463132083302252
00-0035537,0.0,0.012134850459877217
00-0035537,0.0,0.028800247426887776
00-0035537,0.0,-0.000822585189993985
00-0035537,0.0,0.027752382313084446
00-0035537,0.0,0.015316104766029643
00-0035537,0.0,-0.003685545425498281
00-0035537,0.0,0.04844527055003721
00-0035537,0.0,0.01964579416355614
00-0035537,0.0,0.009685665001350211
00-0035567,0.0,0.24139225116681615
00-0035567,0.0,0.36801070516412915
00-0035567,0.0,0.02243209076257811
00-0035567,0.0,-6.613421604732914e-05
00-0035567,0.0,0.01669828080889491
00-0035567,0.0,0.026745036579510797
00-0035567,0.0,0.0197282530187991
00-0035594,0.0,-0.0012191237703832317
00-0035594,0.0,-0.0011780207729419614
00-0035594,0.0,-0.0014014664907858246
00-0035628,0.0,0.01670767820508331
00-0035628,0.0,-0.0025425158736510104
00-0035628,0.0,0.002590008620910524
00-0035628,0.0,0.012816980691155586
00-0035628,0.0,0.06947412611490081
00-0035628,0.0,-0.0025416489852585116
00-0035628,0.0,-0.0012081852837304591
00-0035628,0.0,-0.0014672884424505271
00-0035628,0.0,0.016658880588887627
00-0035659,0.0,0.001318796647527199
00-0035685,1.0,0.7369183505096878
00-0035685,1.0,0.6901548754383798
00-0035685,1.0,1.5703608449782525
00-0035685,1.0,0.9558211201384934
00-0035685,2.0,1.380899382455115
00-0035685,0.0,0.6494798119313729
00-0035685,1.0,0.8757260890672504
00-0035685,0.0,0.4289375218186857
00-0035685,1.0,0.7641676794810588
00-0035685,2.0,1.2596992527110402
00-0035685,1.0,0.8738152736491409
00-0035685,0.0,1.2299522130594311
00-0035685,1.0,0.732923148128693
00-0035685,0.0,0.03967271174316449
00-0035685,0.0,0.3282278405379016
00-0035700,0.0,0.344684531197356
00-0035700,0.0,0.24853434369394747
00-0035700,0.0,-0.002618742015064019
00-0035700,0.0,-0.031609265934225604
00-0035700,1.0,0.6116261448285407
00-0035700,0.0,0.5392143447879175
00-0035700,0.0,0.33392268915461076
00-0035700,2.0,0.8721646977567223
00-0035700,0.0,0.8485841498642368
00-0035700,1.0,1.1094247571927653
00-0035700,3.0,1.5487677724279933
00-0035700,1.0,1.478891750285037
00-0035700,3.0,1.780269100991495
00-0035700,1.0,1.8425960498189144
00-0035700,1.0,1.6856390855724612
00-0035700,1.0,1.0196113700701654
00-0035700,1.0,0.781042376362028
00-0035700,1.0,0.9101619426385141
00-0035704,0.0,-0.002605708647405012
00-0035704,1.0,0.48557214425735973
00-0035704,0.0,0.2694856735537682
00-0035704,0.0,0.09775971660918925
00-0035704,0.0,0.7615538617721898
00-0035710,0.0,0.0009206595888373839
00-0035710,0.0,0.015304343425141642
00-0035710,0.0,0.016472749930176212
00-0035710,0.0,0.0036584213654775478
00-0035710,0.0,0.033375329402502374
00-0035710,0.0,0.031783116740783116
00-0035710,0.0,-0.0030958315654767542
00-0035710,0.0,-0.002473611361984831
00-0035710,1.0,0.6602742235109401
00-0035710,1.0,0.7474862740420205
00-0035719,1.0,0.689611620686817
00-0035719,0.0,0.40140679729048234
00-0035719,0.0,-0.0012191237703832317
00-0035719,0.0,0.013086204340834887
00-0035719,0.0,0.012842229477775082
00-0035719,0.0,-0.0018647504255135702
00-0035719,0.0,0.012331655026156947
00-0035719,0.0,-0.0010232597566020543
00-0035719,0.0,0.011899050897279538
00-0035719,0.0,-0.002835612374886961
00-0035806,0.0,0.0012052975737074543
00-0035806,0.0,-0.0038539049143750575
00-0035806,0.0,-0.002917842795857387
00-0035806,0.0,-0.0009043967482608721
00-0035806,0.0,0.01847018003326667
00-0035806,0.0,-0.001770278400414992
00-0035806,0.0,-0.002594665561772058
00-0035860,1.0,0.6419808616218529
00-0035924,0.0,-0.0013389713470859555
00-0035924,0.0,0.001148687101940383
00-0035973,0.0,0.011017451905586182
00-0035973,0.0,0.001072630909077038
00-0035973,1.0,0.6508636107416784
00-0035973,0.0,0.396655970267917
00-0035973,0.0,0.6854572186591678
00-0035993,1.0,0.4690371746176337
00-0035993,0.0,0.1289585746021021
00-0035993,0.0,0.23751236570490689
00-0035993,1.0,0.6367148883260164
00-0035993,0.0,0.10131797546076897
00-0036096,0.0,-0.0024971400644861015
00-0036096,0.0,0.007028456472562107
00-0036096,0.0,0.010354918035697552
00-0036139,0.0,0.017968739360560097
00-0036139,0.0,0.01805638084218277
00-0036139,0.0,0.011882968096385043
00-0036139,0.0,0.045634270301410006
00-0036139,0.0,0.0873443995469012
00-0036139,0.0,0.0029504340443269692
00-0036139,0.0,0.01846729587029829
00-0036139,0.0,0.008438490532835389
00-0036139,0.0,-0.0005340898130121226
00-0036139,0.0,0.13461441008394465
00-0036139,1.0,0.6114907002073905
00-0036139,0.0,0.5768916713895463
00-0036139,0.0,0.7036307326942226
00-0036139,0.0,0.03137802733611893
00-0036139,0.0,0.0761912030107744
00-0036139,1.0,0.5776823166284297
00-0036158,1.0,1.1773131486006814
00-0036158,1.0,1.577946647234536
00-0036158,0.0,0.40276551567031516
00-0036158,0.0,0.23583557533275368
00-0036158,1.0,0.5956380036893106
00-0036158,0.0,0.17853349307705546
00-0036158,1.0,0.5607922205182715
00-0036158,2.0,0.7479284201096236
00-0036158,0.0,1.0802581154417314
00-0036158,2.0,0.7344763138409236
00-0036158,0.0,0.4094797327520749
00-0036158,1.0,1.1672327818096824
00-0036158,0.0,0.5736701497173106
00-0036158,0.0,0.14189859095082746
00-0036187,0.0,0.0010192390588365909
00-0036187,0.0,-0.0024013938167048504
00-0036212,0.0,-0.0013746289472567333
00-0036212,0.0,0.0021300141021660373
00-0036212,0.0,-0.0012655272677236792
00-0036212,0.0,-9.247635361779178e-06
00-0036212,0.0,-0.0025412737115316107
00-0036212,0.0,0.0010537310457657343
00-0036223,1.0,0.5733789773892796
00-0036223,0.0,0.6304834526021692
00-0036223,2.0,1.2642038493579992
00-0036223,1.0,1.056477583733901
00-0036223,1.0,0.8894712901658782
00-0036223,0.0,0.11668544064763461
00-0036223,0.0,0.4530571991838903
00-0036223,0.0,0.09862189119379752
00-0036223,0.0,0.02172963906575728
00-0036223,0.0,0.14752269658430597
00-0036223,0.0,0.11264413830511187
00-0036223,3.0,1.4476029691425232
00-0036223,2.0,1.5506733969992375
00-0036223,1.0,1.7071541520761073
00-0036251,1.0,0.4375754205685676
00-0036251,0.0,0.25481843619700495
00-0036251,1.0,0.7644460151827944
00-0036251,0.0,0.45443511725573527
00-0036251,0.0,0.1804970308762703
00-0036251,0.0,0.002017489919819666
00-0036251,0.0,0.004023438543802133
00-0036251,0.0,0.004147532850659749
00-0036264,0.0,-0.002554295936973747
00-0036264,0.0,0.0006239755015901467
00-0036264,0.0,0.01341191770696294
00-0036264,1.0,0.729968378684743
00-0036264,0.0,0.4162808958735333
00-0036264,0.0,0.015391105576980856
00-0036264,0.0,0.001874443967620694
00-0036264,0.0,0.0010192390588365909
00-0036264,0.0,-0.0012642214068030763
00-0036264,0.0,-0.0012954396114142743
00-0036268,0.0,0.001386834270800879
00-0036275,0.0,0.04789736222486538
00-0036275,0.0,0.03735644394695767
00-0036275,0.0,0.013072710000552346
00-0036275,1.0,0.5280548677585981
00-0036275,1.0,0.8447877772253374
00-0036275,1.0,1.10623271213815
00-0036275,1.0,1.0204064007169549
00-0036275,0.0,0.5323727069269042
00-0036275,0.0,0.18820891347367272
00-0036275,1.0,0.4911743121591057
00-0036275,0.0,0.1784725414284939
00-0036275,0.0,0.19486040820548273
00-0036275,0.0,0.026555444967094523
00-0036275,0.0,0.12252127012796842
00-0036275,0.0,-0.008314692653250216
00-0036275,0.0,-0.011709220561990587
00-0036275,1.0,0.5689858299511915
00-0036297,0.0,-0.0007366166926304897
00-0036322,0.0,-0.0014488436540712063
00-0036328,0.0,0.018805973064912895
00-0036328,0.0,0.043648701834357345
00-0036328,0.0,-0.003919732628097053
00-0036328,0.0,-0.013161174678653333
00-0036328,0.0,0.018827042769356078
00-0036328,0.0,0.0036866492778026673
00-0036328,0.0,-0.0036690261045800427
00-0036328,0.0,0.00641477335082415
00-0036328,0.0,0.020667109515707306
00-0036328,0.0,0.006164289776707221
00-0036328,0.0,0.0099409236877999
00-0036328,1.0,0.49747926382970564
00-0036328,0.0,0.2757077034906698
00-0036328,0.0,0.27009599597407213
00-0036328,0.0,0.03031049459611567
00-0036328,0.0,0.014510034039756103
00-0036329,0.0,0.014189824064146877
00-0036331,0.0,0.0005251424073708332
00-0036331,0.0,-0.0012460547911688192
00-0036331,0.0,0.002590008620910524
00-0036355,0.0,0.008658361083498236
00-0036355,0.0,0.01869539420430971
00-0036355,0.0,0.010188594126531433
00-0036355,0.0,-0.0013163710949241232
00-0036355,0.0,0.018438804474341007
00-0036355,0.0,-0.003784762963407633
00-0036355,1.0,0.4090822304318163
00-0036355,0.0,0.4811421851653595
00-0036355,1.0,0.403451692870778
00-0036355,0.0,0.10444310040124218
00-0036355,0.0,0.31895975089125705
00-0036355,0.0,0.02230536580287364
00-0036355,0.0,0.0006835625602611894
00-0036355,0.0,0.03128466108367422
00-0036358,0.0,0.015706827232266855
00-0036358,0.0,-0.0016732435851192166
00-0036358,0.0,-0.001746567111835012
00-0036358,0.0,-0.002226317183356857
00-0036358,0.0,-0.002594665561772058
00-0036358,0.0,-0.0011269895848737528
00-0036358,0.0,-0.002594665561772058
00-0036358,0.0,-0.0014014664907858246
00-0036358,0.0,-0.00141513875432948
00-0036360,0.0,0.009895735279625253
00-0036360,0.0,0.014337949560600057
00-0036370,0.0,0.0006239755015901467
00-0036389,0.0,0.07484468568801937
00-0036389,1.0,0.47859909089651537
00-0036389,0.0,0.1923285566842813
00-0036389,1.0,0.3640304606671051
00-0036389,0.0,0.5604305527192738
00-0036389,2.0,1.2072331428081058
00-0036389,3.0,1.8450849597043928
00-0036389,1.0,2.042946084207187
00-0036389,2.0,1.6170829053629134
00-0036389,1.0,1.2782117543279252
00-0036389,0.0,0.9978725350891383
00-0036389,1.0,0.6066396945763238
00-0036389,1.0,0.6972707050082178
00-0036389,1.0,1.1236388056760636
00-0036389,0.0,0.5591906691377648
00-0036389,0.0,0.20287101268856692
00-0036389,1.0,0.37978728545779034
00-0036389,3.0,1.021504028605142
00-0036389,1.0,1.9320500258298707
00-0036414,0.0,0.3651960701963763
00-0036414,0.0,0.01235538989896777
00-0036414,0.0,0.025032899962305986
00-0036414,1.0,0.2528889764355105
00-0036414,0.0,0.44640713796660914
00-0036414,0.0,0.05836718823848873
00-0036414,0.0,0.052112191096839545
00-0036414,0.0,0.003848930314302167
00-0036414,0.0,0.01241181131930379
00-0036414,0.0,0.02697001868721248
00-0036414,1.0,0.4446073879216261
00-0036414,0.0,0.07910290245036394
00-0036414,0.0,0.3428125991430946
00-0036414,0.0,0.013214751151869033
00-0036414,0.0,0.0031102367826625387
00-0036425,0.0,0.0032309566990086076
00-0036425,0.0,0.001610482811939227
00-0036425,0.0,0.017071347328686804
00-0036425,0.0,0.021827766698232633
00-0036442,0.0,0.004050457168059494
00-0036442,0.0,0.0035736548124644042
00-0036442,0.0,-0.002346500889704762
00-0036442,0.0,-0.0012271160274245061
00-0036442,0.0,-0.0015434818520516146
00-0036442,1.0,0.6231673863353708
00-0036442,0.0,0.12055854280594043
00-0036442,0.0,-0.0012271160274245061
00-0036442,0.0,-0.002226317183356857
00-0036442,0.0,0.011203717827091895
00-0036442,0.0,-0.002519410079545984
00-0036442,0.0,0.009189132131596273
00-0036442,1.0,0.5945728025563826
00-0036450,0.0,0.0010192390588365909
00-0036527,0.0,-0.0025425158736510104
00-0036527,1.0,0.75578746514139
00-0036527,0.0,0.29191873749447195
00-0036527,0.0,-0.0011210655829368844
00-0036527,0.0,-0.0013458589689363993
00-0036555,0.0,-0.010465964648608632
00-0036555,0.0,0.06906515436125595
00-0036555,0.0,0.1450323971963648
00-0036555,1.0,0.4442438944945562
00-0036555,1.0,0.7013837755588681
00-0036555,0.0,0.8313569546153422
00-0036555,1.0,0.2925853067946934
00-0036555,0.0,0.35373164916690913
00-0036555,2.0,0.8861594320300857
00-0036555,1.0,1.341431170704041
00-0036555,1.0,0.8402180988251846
00-0036555,0.0,0.4608869990715333
00-0036555,1.0,0.7087316250173582
00-0036555,0.0,0.11736557049293646
00-0036555,2.0,1.1363428012466545
00-0036613,0.0,-0.0012191237703832317
00-0036613,0.0,-0.001071978299612771
00-0036613,0.0,-0.0005600104864378977
00-0036626,0.0,0.0004242186660028405
00-0036626,0.0,0.0028809781153054446
00-0036626,0.0,-0.0029457240474946526
00-0036670,0.0,-0.0009553620868406421
00-0036670,0.0,-0.0019922456611358324
00-0036849,0.0,-0.0015465698338397314
00-0036875,1.0,0.8635890485320972
00-0036875,1.0,0.6476785239898483
00-0036875,0.0,0.20433188001372785
00-0036875,0.0,0.15420819624919258
00-0036875,1.0,0.3099284051698339
00-0036875,0.0,0.11634226765272157
00-0036875,2.0,1.0839323420636193
00-0036875,1.0,0.5197215317199742
00-0036875,0.0,1.137351929771724
00-0036875,0.0,0.5271272374515331
00-0036875,0.0,-0.011807286305412477
00-0036875,0.0,0.14390574332015596
00-0036875,0.0,0.08595066003672336
00-0036875,1.0,0.3904221879170948
00-0036875,0.0,0.11012964586804667
00-0036893,0.0,0.45638964650652875
00-0036893,0.0,0.027247582276556128
00-0036893,0.0,0.05726515351586523
00-0036893,0.0,-0.0046435974909716324
00-0036893,0.0,0.02882048200893076
00-0036893,1.0,0.747421433197032
00-0036893,1.0,0.9078553930266055
00-0036893,0.0,0.783313808735159
00-0036893,1.0,0.5076519939117197
00-0036893,0.0,0.3981761170175968
00-0036893,0.0,0.28480093573576437
00-0036893,1.0,0.45797112438583043
00-0036893,1.0,0.9736288467097837
00-0036893,0.0,0.2524854312660293
00-0036893,0.0,0.2446801191370337
00-0036893,0.0,0.005437769451204645
00-0036893,1.0,0.1731852954153867
00-0036893,0.0,0.09835212970050551
00-0036898,0.0,-0.0013777552022058446
00-0036900,0.0,-0.0013048952067040156
00-0036900,0.0,-0.002888568175007007
00-0036900,0.0,-0.0003559794614161123
00-0036906,0.0,0.07436585681016546
00-0036906,1.0,0.18881638325407704
00-0036906,0.0,0.42878040372966103
00-0036906,0.0,0.5431254244295366
00-0036906,0.0,-0.002888568175007007
00-0036906,0.0,-0.0017611910556854767
00-0036906,0.0,0.019413709740772913
00-0036906,0.0,0.07494756970692326
00-0036912,0.0,-0.00035190127786999216
00-0036913,0.0,-0.002594665561772058
00-0036919,0.0,-0.001216146840063029
00-0036919,0.0,0.0010112996586535737
00-0036919,0.0,-0.0010804952756560049
00-0036919,0.0,0.021508377156357
00-0036919,0.0,0.02092197737028915
00-0036919,0.0,0.01520391068495041
00-0036919,0.0,0.01818735512555585
00-0036919,0.0,0.026542573895500444
00-0036919,0.0,0.025423392631382363
00-0036919,1.0,0.274823340626107
00-0036919,0.0,0.3279806253729269
00-0036919,0.0,0.28853101147249566
00-0036919,0.0,0.012532320916221086
00-0036919,0.0,-9.293583387906845e-05
00-0036919,0.0,0.0037480538823632553
00-0036919,0.0,0.0033432437071861366
00-0036919,0.0,0.0036390589975049364
00-0036919,0.0,0.0011910878898728436
00-0036919,0.0,0.01574602126164654
00-0036924,0.0,0.009226803352898306
00-0036924,0.0,0.018276839459048656
00-0036924,1.0,0.33932993549110746
00-0036945,0.0,0.4022864970651504
00-0036945,0.0,0.015200082869818199
00-0036945,1.0,0.13218270999312223
00-0036945,2.0,1.0533272319984248
00-0036945,0.0,0.9355639222435325
00-0036945,2.0,1.1651631082403648
00-0036945,0.0,0.38166786296248856
00-0036945,0.0,0.5331350648452753
00-0036945,0.0,-0.0008450909465983101
00-0036945,0.0,-0.0017082352555654302
00-0036963,0.0,-0.0006719460152126453
00-0036971,0.0,0.002325578695956161
00-0036971,0.0,0.016362935075879454
00-0036971,0.0,-0.003506961538487212
00-0036971,0.0,-0.0017082352555654302
00-0036971,0.0,0.002590008620910524
00-0036971,0.0,0.004144179966820288
00-0036971,0.0,0.004876815869963156
00-0036971,1.0,0.25202234741198953
00-0036971,2.0,0.7629660680331383
00-0036971,0.0,0.7712486738856305
00-0036972,1.0,0.4932257508390425
00-0036972,0.0,0.4411231685079974
00-0036972,0.0,0.3376653181745357
00-0036972,0.0,-0.001436496844371912
00-0036972,0.0,0.02750388986447635
00-0036972,0.0,0.019953353676354573
00-0036972,0.0,0.012433839800786616
00-0036973,1.0,0.870809021745818
00-0036973,1.0,0.5901834470770791
00-0036973,0.0,0.44658542726168
00-0036973,0.0,0.4040096789122629
00-0036973,0.0,0.0033349031365459037
00-0036973,0.0,0.018427261816031194
00-0036973,0.0,0.016878035372011015
00-0036973,0.0,0.028005110655596133
00-0036973,0.0,0.031438548279918654
00-0036973,0.0,0.010748518752095594
00-0036973,0.0,0.02496380529812835
00-0036973,0.0,0.016227275304077547
00-0036973,0.0,0.05192987420949573
00-0036973,0.0,0.038680252361531976
00-0036980,0.0,-0.002594665561772058
00-0036984,1.0,0.28497518790260506
00-0036984,0.0,0.44897390625336353
00-0036984,1.0,0.5039615291915948
00-0036984,0.0,0.5288333353697242
00-0036984,0.0,0.1984612317592904
00-0036984,0.0,-0.001339886877150229
00-0036984,0.0,-0.0005917140320591517
00-0036984,0.0,0.04068064226679839
00-0036997,0.0,0.27791741807443054
00-0036997,0.0,0.2061285253097861
00-0036997,0.0,0.007272379861267247
00-0036997,0.0,0.10879175782358777
00-0036997,0.0,0.04018540053768379
00-0036997,0.0,0.00598911134223299
00-0036997,2.0,1.1299249773262507
00-0036997,0.0,0.9356269764057601
00-0036997,0.0,0.40469596059393104
00-0036997,0.0,-0.0034744616404852073
00-0036997,1.0,0.5069686218723565
00-0036997,1.0,0.5850981015204907
00-0036997,0.0,0.6351230801363664
00-0036997,0.0,0.5108259692434225
00-0036997,0.0,0.05803262029643986
00-0036997,0.0,0.021890005104891166
00-0037012,0.0,0.0012049355582402514
00-0037012,0.0,-0.0014014664907858246
00-0037012,0.0,0.026378594665216103
00-0037077,0.0,-0.002605708647405012
00-0037085,0.0,-0.001329900999163719
00-0037085,0.0,0.09175737817057093
00-0037085,0.0,-0.002913410843798902
00-0037091,0.0,0.017460764813203963
00-0037091,0.0,0.0216225033200078
00-0037091,0.0,0.00031081876939640805
00-0037091,0.0,0.0018528290364959895
00-0037091,0.0,0.001386834270800879
00-0037120,0.0,0.014501153560940304
00-0037120,0.0,0.03697151515358933
00-0037120,1.0,0.38895852919768514
00-0037120,0.0,-0.0005917140320591517
00-0037120,0.0,0.04037333574183464
00-0037197,1.0,0.5585240814771414
00-0037197,0.0,0.468174723242663
00-0037197,0.0,0.15918502306462343
00-0037197,0.0,0.05855768577562892
00-0037197,0.0,0.008097872770940304
00-0037197,0.0,0.009348144526800975
00-0037197,0.0,0.006220063682255456
00-0037197,0.0,0.01214788166262965
00-0037197,0.0,0.010336324489178003
00-0037197,0.0,-0.004782706653501137
00-0037228,0.0,-8.014247999450434e-05
00-0037228,0.0,0.02302385177699029
00-0037228,0.0,-0.0018501961068528119
00-0037228,0.0,0.010600205842073947
00-0037228,0.0,0.03283580122888188
00-0037228,0.0,0.022223612233625085
00-0037228,0.0,0.06415809583924348
00-0037228,0.0,0.025149267081494963
00-0037228,1.0,0.2602016405833768
00-0037228,0.0,0.13800740999002467
00-0037228,0.0,0.37380570185688367
00-0037228,0.0,0.001939288270752925
00-0037228,0.0,0.002003202967397669
00-0037228,0.0,-0.006466359385206878
00-0037228,0.0,0.0010205261265394487
00-0037228,0.0,-0.002924245504407132
00-0037231,0.0,-0.0013777552022058446
00-0037239,0.0,-0.0035749787138089034
00-0037240,0.0,0.17655345875688008
00-0037240,0.0,0.1442782499493611
00-0037240,0.0,0.001063449346774621
00-0037240,0.0,-0.00027798614236566535
00-0037240,0.0,-6.613421604732914e-05
00-0037240,0.0,0.003542780018260623
00-0037240,0.0,-0.001173724177184058
00-0037240,1.0,0.7954245828424552
00-0037247,0.0,0.000682273802819354
00-0037248,0.0,0.07770689136572236
00-0037248,2.0,0.5433110155927493
00-0037248,1.0,0.8849377330874938
00-0037248,0.0,0.7996870781806626
00-0037248,1.0,0.9414931094271887
00-0037248,1.0,0.8262432176983865
00-0037248,2.0,1.8636464595470956
00-0037248,0.0,0.7890948306971356
00-0037248,1.0,0.9615695498068295
00-0037248,2.0,0.5719091473567123
00-0037248,1.0,2.0457495364892297
00-0037248,0.0,0.47512273048550036
00-0037248,2.0,1.3166139535711407
00-0037248,1.0,1.2966881404570845
00-0037248,1.0,1.1444050800605803
00-0037248,1.0,0.8291688500764027
00-0037248,1.0,1.7323540716684216
00-0037248,0.0,0.8135981960900942
00-0037248,2.0,0.6025692372124551
00-0037253,0.0,-0.001770278400414992
00-0037256,0.0,0.05542012393136008
00-0037256,0.0,-0.0017188913378619278
00-0037256,0.0,0.003594595649387514
00-0037256,0.0,0.032940094246945106
00-0037256,0.0,0.07598776936979788
00-0037256,0.0,0.06677441100313296
00-0037256,0.0,0.028899512833406638
00-0037256,1.0,0.156362968668825
00-0037256,0.0,0.47864417417287797
00-0037256,1.0,0.9143170752553063
00-0037256,0.0,0.5002611893945321
00-0037256,1.0,0.5978248500585471
00-0037256,0.0,0.4841104682449415
00-0037256,0.0,0.04013810674513925
00-0037256,0.0,0.019403153269211954
00-0037256,0.0,-0.00036275090037714866
00-0037258,0.0,-0.0012215581255497214
00-0037258,1.0,0.6108587540743763
00-0037258,0.0,0.2005489099431198
00-0037258,0.0,0.1280364796645281
00-0037258,0.0,0.003852139925066856
00-0037258,0.0,-0.002526627938498377
00-0037258,0.0,0.0009786392684249295
00-0037258,1.0,0.8855713321199326
00-0037258,0.0,0.11239787136906068
00-0037258,0.0,0.08586690639583296
00-0037261,0.0,0.006121330838042249
00-0037261,0.0,0.0027282859202578556
00-0037263,0.0,0.01509381651837828
00-0037263,0.0,0.0497620846489553
00-0037263,0.0,0.00592749148164774
00-0037263,0.0,0.014690097244960955
00-0037263,0.0,-0.00373847400761593
00-0037263,1.0,0.7368308622789451
00-0037263,0.0,0.19273828128759615
00-0037263,0.0,0.25057947994764984
00-0037263,1.0,0.19338372978720084
00-0037263,0.0,0.36001207798030166
00-0037263,0.0,0.009848012819470934
00-0037263,1.0,0.7786551729238361
00-0037263,0.0,0.3393084052133911
00-0037263,0.0,0.3267104617790149
00-0037263,0.0,0.003654207806180999
00-0037263,0.0,0.04003900487775175
00-0037267,1.0,0.3667840860995826
00-0037267,0.0,0.4527767392075539
00-0037267,0.0,0.0994707762932689
00-0037267,0.0,-0.008746377155335206
00-0037267,0.0,0.006537082422482236
00-0037267,0.0,-0.010083696153952998
00-0037267,0.0,-0.0035715006072940866
00-0037267,0.0,0.0010081271424372054
00-0037267,0.0,0.01175820290423736
00-0037267,0.0,0.01132138689515346
00-0037267,0.0,0.019354052271518943
00-0037267,1.0,0.37217972757460666
00-0037267,1.0,0.428087047103215
00-0037267,0.0,0.28192106664038785
00-0037276,0.0,-0.0003545595766640631
00-0037276,0.0,0.10978012388790034
00-0037276,0.0,-0.007385546467852394
00-0037276,0.0,-0.0044946529473772244
00-0037276,0.0,0.03883500209755113
00-0037276,0.0,-0.0016897904671861093
00-0037276,0.0,0.018411492493871986
00-0037276,0.0,-0.001615829139884723
00-0037276,0.0,-0.001372219370478412
00-0037276,0.0,0.003996893675878408
00-0037291,0.0,-0.0010094068237906431
00-0037324,0.0,-0.0006323045180733521
00-0037327,0.0,-0.001071978299612771
00-0037429,0.0,0.0012224772561411142
00-0037429,0.0,0.013278281406761981
00-0037429,0.0,0.06148887042257577
00-0037450,0.0,0.0005267281770492546
00-0037487,0.0,0.0010279339403666606
00-0037509,0.0,0.010907067257681652
00-0037509,0.0,0.040796479430292826
00-0037509,0.0,0.013210101290306827
00-0037509,0.0,-0.007824896949026699
00-0037525,1.0,0.9555754959898475
00-0037525,1.0,0.8711508430913922
00-0037525,0.0,0.6525327303706977
00-0037525,1.0,0.596731698503496
00-0037525,0.0,0.2799522514147541
00-0037525,0.0,0.1929412357662715
00-0037525,0.0,0.03424494831834335
00-0037525,0.0,0.0038734749854272134
00-0037525,0.0,-0.003311494266266233
00-0037525,0.0,-0.0009366329840425152
00-0037525,0.0,-0.0014672884424505271
00-0037525,0.0,0.09125121824769997
00-0037545,0.0,-0.003380435398034448
00-0037545,0.0,-0.0008240431335978708
00-0037545,0.0,-0.0025425158736510104
00-0037557,0.0,-0.0032152360899234404
00-0037557,0.0,-0.0013793409718842662
00-0037557,0.0,0.01948122737997023
00-0037557,0.0,0.009339781190174992
00-0037557,0.0,-0.002835674007459254
00-0037594,0.0,-0.0013150574679917366
00-0037594,0.0,-0.0009043967482608721
00-0037594,0.0,0.022186661969292924
00-0037594,0.0,0.01883405852783171
00-0037594,0.0,0.002571220622573649
00-0037594,0.0,0.00222866989417866
00-0037594,0.0,0.0006239755015901467
00-0037609,0.0,-0.0014349110746934904
00-0037609,0.0,0.004424852532309551
00-0037617,0.0,0.00015485434329497465
00-0037617,0.0,-0.0009292785250144494
00-0037617,0.0,-0.0013163710949241232
00-0037617,1.0,0.7086976237597693
00-0037617,0.0,0.7139706754983035
00-0037617,0.0,0.39691830468149475
00-0037617,0.0,0.02928167929279135
00-0037617,1.0,0.6408831001510502
00-0037617,0.0,0.05059226429050826
00-0037740,0.0,-0.001363736325621057
00-0037741,0.0,0.0014152135438741194
00-0037742,0.0,-0.0009855172083324277
00-0037744,1.0,0.7951721798916663
00-0037745,0.0,-0.0012191237703832317
00-0037746,1.0,0.3759222214055772
00-0037746,0.0,0.8967386740297076
00-0037746,1.0,0.5247184290524823
00-0037746,1.0,0.9085150547451478
00-0037746,2.0,0.9275513754133723
00-0037746,1.0,1.4905884169471857
00-0037746,0.0,1.016730858454797
00-0037746,1.0,0.5894927968426725
00-0037746,0.0,0.11219722790119878
00-0037746,1.0,1.3371515325687757
00-0037746,0.0,0.5955837878857884
00-0037746,0.0,0.24025181509795424
00-0037746,0.0,0.043230907164277764
00-0037746,0.0,-0.0012656108141707995
00-0037746,0.0,0.005660027768475498
00-0037746,2.0,1.1547138899445304
00-0037746,0.0,0.558968672626663
00-0037801,0.0,-0.002346500889704762
00-0037801,0.0,-0.0024971400644861015
00-0037801,0.0,-0.002226317183356857
00-0037801,0.0,-0.0025425158736510104
00-0037801,0.0,-0.0013150574679917366
00-0037801,0.0,-0.0012205954385550262
00-0037801,0.0,0.01612315471826032
00-0037801,0.0,-0.0016548434053249828
00-0037801,0.0,0.0009449110658534082
00-0037801,0.0,0.0007554019408218975
00-0037809,0.0,0.0024473172790012722
00-0037827,0.0,-0.000848131906725652
00-0037834,0.0,0.0008875138286241346
00-0037834,0.0,-0.0015666477399110213
00-0037834,0.0,0.062550423982781
00-0037834,0.0,0.01064146100548778
00-0037834,0.0,0.014465320895711259
00-0037834,0.0,0.017615523362469944
00-0037834,2.0,0.6137387125220863
00-0037834,1.0,1.1417268581261308
00-0037834,0.0,0.7087987052780094
00-0037834,1.0,0.580098262406645
00-0037834,0.0,0.19541782137600455
00-0037834,0.0,0.2910074556837614
00-0037834,0.0,-0.0010232597566020543
00-0037834,0.0,0.011899050897279538
00-0037834,1.0,0.26216959138167567
00-0037840,1.0,1.0776603178485127
00-0037840,1.0,0.44192562258527013
00-0037840,2.0,1.4080900640080114
00-0037840,1.0,1.2871107243288127
00-0037840,1.0,1.2081874676582847
00-0037840,2.0,1.1896815487411143
00-0037840,0.0,1.022673142490101
00-0037840,0.0,0.4728354814792389
00-0037840,0.0,0.060957442786315444
00-0037840,0.0,0.10854124591540215
00-0037840,1.0,0.24581511894126104
00-0037840,1.0,0.7363940089796226
00-0037840,2.0,1.4908699973353015
00-0037840,0.0,1.174321127162461
00-0037840,1.0,0.866158363003707
00-0037840,1.0,0.4470390786013709
00-0037840,0.0,0.5793145646139604
00-0037840,0.0,0.4635643675574117
00-0038040,0.0,-0.01398881245167341
00-0038040,0.0,-0.0036408701419803967
00-0038040,0.0,0.030878064701496077
00-0038040,0.0,0.017940528790229306
00-0038040,0.0,-0.004737846741336137
00-0038040,1.0,0.4357279663331927
00-0038040,0.0,0.4429834974298722
00-0038046,0.0,-0.0006798854153956624
00-0038098,0.0,-0.00933965952311081
00-0038098,0.0,-0.0014783315280834822
00-0038098,0.0,0.023402169182960578
00-0038098,0.0,-0.0028927682473746065
00-0038098,0.0,-0.0024971400644861015
00-0038098,0.0,-0.0024971400644861015
00-0038098,0.0,-0.0013992508191768467
00-0038098,0.0,0.01668459852265219
00-0038102,0.0,0.0017184586276362613
00-0038102,0.0,0.0022065801782291056
00-0038102,1.0,0.40635831317785803
00-0038108,0.0,0.11192524193575305
00-0038117,0.0,0.21481176869229407
00-0038117,0.0,-0.0021665961244971524
00-0038120,1.0,0.37013067311934283
00-0038120,0.0,0.7752901862359098
00-0038120,1.0,0.8575946538990149
00-0038120,0.0,0.07201536575173709
00-0038120,0.0,0.26286384896538506
00-0038120,0.0,0.08505417162167846
00-0038120,1.0,0.12388687016082917
00-0038120,0.0,0.44562181202846635
00-0038120,0.0,0.442417647428676
00-0038120,0.0,0.013722866069080087
00-0038120,1.0,0.4098045888917391
00-0038120,0.0,0.2737348159236846
00-0038120,1.0,0.6533670754467943
00-0038120,0.0,0.35144682518815246
00-0038120,0.0,0.2576224734513404
00-0038120,0.0,0.04339695250802152
00-0038122,0.0,-0.002917842795857387
00-0038122,0.0,-0.002594665561772058
00-0038122,0.0,-0.0014672884424505271
00-0038122,0.0,0.01820075085974593
00-0038123,0.0,-0.0013793409718842662
00-0038124,0.0,0.00031081876939640805
00-0038124,0.0,0.0182646020955798
00-0038128,0.0,0.07756443138107566
00-0038128,1.0,0.5098454722888193
00-0038128,0.0,0.22491112245150363
00-0038128,0.0,0.001386834270800879
00-0038134,1.0,0.8611226029040812
00-0038134,3.0,0.7698393658686448
00-0038134,0.0,0.5636111867845865
00-0038134,1.0,0.9194279478653121
00-0038134,1.0,0.9262905345002184
00-0038134,0.0,0.4482434996366975
00-0038134,0.0,0.42517708491205564
00-0038134,1.0,0.33433949351040443
00-0038134,0.0,0.24341609162435088
00-0038134,0.0,0.24890822861153317
00-0038134,0.0,-0.00018490819231319823
00-0038359,0.0,0.022922269784396227
00-0038359,0.0,-0.0025425158736510104
00-0038396,0.0,-0.002429102441212421
00-0038396,0.0,-0.0014672884424505271
00-0038396,0.0,0.004705494857808031
00-0038396,0.0,-0.0015757350846405367
00-0038396,0.0,-0.002605708647405012
00-0038396,0.0,-0.0013793409718842662
00-0038400,0.0,-0.0012191237703832317
00-0038454,0.0,0.0015688880188697413
00-0038454,0.0,0.0030880782210583185
00-0038476,0.0,0.019259979777421977
00-0038496,0.0,-0.0013697629451645708
00-0038542,0.0,0.08812682008811577
00-0038542,0.0,0.1372714562247157
00-0038542,1.0,0.20521794315071287
00-0038542,0.0,0.14983718261575876
00-0038542,0.0,0.3800322620067792
00-0038542,2.0,1.0578717951591756
00-0038542,1.0,1.0851242488422803
00-0038542,0.0,0.7521871389317053
00-0038542,0.0,0.408750982396316
00-0038542,2.0,0.6892122463612519
00-0038542,0.0,0.35026281521289765
00-0038542,1.0,1.1336824483639871
00-0038542,1.0,0.7156184489792703
00-0038542,0.0,0.7373283259221686
00-0038542,2.0,1.2793092023234685
00-0038542,2.0,0.8772465639664438
00-0038542,2.0,1.9535495313422413
00-0038543,0.0,-0.0014672884424505271
00-0038543,0.0,-0.0014269188176522167
00-0038543,0.0,-0.0014014664907858246
00-0038543,0.0,-0.0030963632222759923
00-0038543,0.0,-0.0016732435851192166
00-0038544,0.0,-0.003405116693139384
00-0038544,0.0,-0.002820317298571431
00-0038550,0.0,0.01526289194233358
00-0038551,0.0,0.14407646894079337
00-0038551,0.0,0.08517031363578662
00-0038551,1.0,0.4922539026803444
00-0038551,0.0,0.32312198846355406
00-0038551,0.0,0.16614281487146063
00-0038551,0.0,-0.004353649008793521
00-0038555,0.0,0.0887464684749869
00-0038555,0.0,-0.002650732846577246
00-0038555,0.0,0.1177349793106149
00-0038555,2.0,1.0339958429730391
00-0038555,0.0,0.22425651682297296
00-0038555,2.0,1.983764480341829
00-0038555,0.0,0.4818927270762716
00-0038555,0.0,0.24849719342336588
00-0038555,0.0,-0.007798327239007477
00-0038555,0.0,0.028543164555519723
00-0038555,1.0,0.6917060088416277
00-0038555,0.0,0.2829230485304848
00-0038555,1.0,0.9052611572709515
00-0038555,0.0,0.306314640244899
00-0038555,1.0,0.6344584303979084
00-0038559,0.0,-0.002594665561772058
00-0038563,1.0,0.7884697344789836
00-0038563,0.0,0.40421355576395773
00-0038563,0.0,-0.0011210655829368844
00-0038563,0.0,-0.0013458589689363993
00-0038563,0.0,-0.002594665561772058
00-0038563,0.0,-0.0014672884424505271
00-0038563,0.0,-0.001071978299612771
00-0038573,0.0,-0.001284271899912152
00-0038573,0.0,0.0031521363221272062
00-0038573,0.0,-0.0007347352092399937
00-0038573,0.0,-0.0018669015392239496
00-0038573,0.0,-0.0010232597566020543
00-0038573,0.0,-0.0013808060307975256
00-0038579,1.0,0.7166172390610585
00-0038579,0.0,0.6330827508508039
00-0038579,0.0,0.0009639934953916963
00-0038582,0.0,0.00047333632680880786
00-0038582,0.0,-0.0012271160274245061
00-0038583,0.0,0.011123010924327745
00-0038583,0.0,-0.002248233877145228
00-0038583,0.0,0.018343856459920656
00-0038583,0.0,0.0003154403020111798
00-0038583,0.0,-0.003540642417037187
00-0038597,0.0,-0.0020981277989780313
00-0038597,0.0,0.014073470951269783
00-0038597,0.0,0.0449371854102046
00-0038597,2.0,0.8362183427972228
00-0038597,0.0,0.6214400527546581
00-0038597,1.0,0.5897521851123813
00-0038597,0.0,0.3436665487121815
00-0038597,1.0,0.7365234697174923
00-0038597,0.0,0.6873678880159267
00-0038597,1.0,0.29094568548554756
00-0038597,0.0,0.26359707267884513
00-0038597,1.0,0.4435097010283679
00-0038597,0.0,0.2723205733674633
00-0038597,1.0,0.8269544557868231
00-0038597,0.0,0.3179996644071838
00-0038597,0.0,0.32273821137456615
00-0038611,0.0,0.9843001627369486
00-0038611,0.0,0.11388508496483418
00-0038611,1.0,0.571665779667881
00-0038611,0.0,0.11710149309776235
00-0038611,0.0,0.09369633278620929
00-0038611,1.0,0.7247729176695534
00-0038621,0.0,-0.0038539049143750575
00-0038621,0.0,-0.002594665561772058
00-0038621,0.0,-0.001778207681576227
00-0038622,0.0,-0.0013697629451645708
00-0038622,0.0,0.0011587663172185445
00-0038622,0.0,-0.0024971400644861015
00-0038622,0.0,0.0009106016451512492
00-0038622,0.0,0.02570343973351985
00-0038636,0.0,-0.0012762796428708776
00-0038636,0.0,-0.001327191283763219
00-0038636,0.0,0.037494110474643495
00-0038636,0.0,-0.0028466554605199143
00-0038636,0.0,-0.0040608088871121936
00-0038636,0.0,0.021190124928381602
00-0038636,0.0,0.01655714325449865
00-0038678,0.0,0.014993420621168702
00-0038678,0.0,-0.0025425158736510104
00-0038678,0.0,0.012226942241848155
00-0038678,0.0,0.0005251424073708332
00-0038678,0.0,-0.0013777552022058446
00-0038678,0.0,0.002956492941073263
00-0038678,0.0,-0.002594665561772058
00-0038685,0.0,-0.00015080953076472694
00-0038685,0.0,0.026080168319692842
00-0038685,0.0,0.013043660647038156
00-0038685,0.0,-0.0015136919397909765
00-0038685,0.0,0.012831232794841307
00-0038685,0.0,0.018767805996437605
00-0038685,0.0,-0.0017415801269991859
00-0038685,0.0,0.001874443967620694
00-0038685,1.0,0.6562727042470061
00-0038685,0.0,0.5637386196062606
00-0038705,0.0,0.03641561429722183
00-0038705,0.0,-0.0021527770435817183
00-0038705,0.0,0.022824360913448364
00-0038705,0.0,0.05574651616262774
00-0038705,0.0,0.0013832070101585158
00-0038705,1.0,0.6139289015485789
00-0038705,0.0,0.38871897256248916
00-0038705,0.0,0.07469973690558847
00-0038705,0.0,-0.002927872997097943
00-0038738,0.0,-0.0016732435851192166
00-0038738,0.0,-0.001746567111835012
00-0038738,0.0,-0.002594665561772058
00-0038738,0.0,-0.0013150574679917366
00-0038738,0.0,0.0009499452565963539
00-0038794,0.0,0.020837524947869297
00-0038794,0.0,-0.001765391128053076
00-0038794,1.0,0.33023120363214414
00-0038794,0.0,0.7137700160396638
00-0038794,0.0,0.338013381155042
00-0038794,0.0,-0.0025416489852585116
00-0038794,0.0,0.05848989175939438
00-0038794,0.0,0.03760699297844618
00-0038794,0.0,0.003337972997911614
00-0038794,0.0,-0.0028907163590606993
00-0038794,0.0,0.01528759301355187
00-0038794,0.0,0.0208039324469271
00-0038794,0.0,0.09063496885929415
00-0038794,0.0,0.05094714185172054
00-0038794,0.0,0.07302047640235236
00-0038794,0.0,0.0829939804253745
00-0038797,0.0,0.01588711852355835
00-0038797,0.0,0.028556093575515334
00-0038797,0.0,0.02394366891864377
00-0038797,0.0,0.010524756597997736
00-0038797,0.0,0.017724777961301057
00-0038797,0.0,0.03421867624153365
00-0038797,0.0,0.0019966655109322513
00-0038797,0.0,0.011299089078779316
00-0038797,1.0,0.5569567547877926
00-0038797,0.0,0.3255922947427265
00-0038797,0.0,0.3915835535952469
00-0038797,0.0,0.0067396121434546334
00-0038797,0.0,-0.0025749938566922664
00-0038797,0.0,0.001874443967620694
00-0038797,1.0,0.7436243842609387
00-0038797,1.0,0.5415868158165769
00-0038797,1.0,1.0033249320459634
00-0038797,0.0,0.1111898427977036
00-0038951,0.0,-0.002057233220196195
00-0038951,0.0,-0.0013697629451645708
00-0038951,1.0,0.8949040595499228
00-0038951,0.0,0.21714684536537088
00-0038951,0.0,0.055912212193318676
00-0038951,0.0,-0.0017082352555654302
00-0038951,1.0,0.39683071398795433
00-0038951,0.0,0.5586851945899775
00-0038951,0.0,0.2687446776081186
00-0038951,0.0,0.025519984346286974
00-0038951,0.0,0.002993997008577479
00-0038976,0.0,0.002597956453782609
00-0038976,0.0,0.00426284217068608
00-0038976,0.0,-0.0009189163648597042
00-0038976,0.0,0.00047846828370969773
00-0038976,0.0,-0.0013697629451645708
00-0038976,0.0,-0.0016721808022046763
00-0038977,0.0,0.008381811505775227
00-0038977,0.0,-0.0012655272677236792
00-0038977,0.0,0.003852139925066856
00-0038977,0.0,-0.0009190389162472818
00-0038994,1.0,0.5437034373461115
00-0038994,0.0,-0.0013099607585783382
00-0038994,0.0,-0.00033137799260611264
00-0038996,0.0,0.0010192390588365909
00-0038996,0.0,-0.0014672884424505271
00-0038996,0.0,0.0010192390588365909
00-0038996,0.0,-0.0012954396114142743
00-0038998,0.0,-0.002526627938498377
00-0038998,0.0,-0.002594665561772058
00-0038998,0.0,-0.0026518214342597037
00-0039021,0.0,0.3750015240762585
00-0039021,1.0,0.4642643945626979
00-0039021,2.0,1.2763067440915508
00-0039021,0.0,0.7996518421494975
00-0039021,1.0,0.872855126601438
00-0039021,0.0,0.3023719628751115
00-0039021,1.0,0.7287471838672542
00-0039021,1.0,0.36599840775588965
00-0039021,0.0,0.15737199006010108
00-0039021,0.0,0.35453472905312283
00-0039021,0.0,-0.0013259491216438192
00-0039032,0.0,0.46177136281751396
00-0039032,0.0,0.25076022795668595
00-0039032,0.0,-0.0021657074741640164
00-0039032,1.0,0.5696118343015915
00-0039032,0.0,0.3102167668865642
00-0039032,0.0,0.2491949961503523
00-0039032,0.0,-0.003160203877556315
00-0039032,0.0,0.02046390461133666
00-0039032,1.0,0.2535745492958346
00-0039032,2.0,0.9736184318651538
00-0039032,0.0,1.2373376168932613
00-0039040,1.0,0.6222471995827193
00-0039040,0.0,0.5958679976697561
00-0039040,0.0,0.11424146639635523
00-0039040,0.0,-0.012753428439738484
00-0039040,0.0,0.0022952775736506063
00-0039040,0.0,0.07077042995530228
00-0039040,0.0,0.11891587293463694
00-0039040,1.0,0.3756096983800256
00-0039040,0.0,0.24047693776390433
00-0039040,1.0,0.7660904442635323
00-0039040,0.0,0.2998772903752212
00-0039040,0.0,0.0983807191584461
00-0039040,1.0,0.47760401562341837
00-0039040,0.0,0.41480773565156437
00-0039040,1.0,1.1307610140784945
00-0039040,0.0,0.23078140723970683
00-0039040,1.0,0.7636773154941153
00-0039062,0.0,-0.0014672884424505271
00-0039062,0.0,-0.0014014664907858246
00-0039064,0.0,-0.0008737046269332307
00-0039064,0.0,0.0035458857254624383
00-0039064,0.0,-0.0006798854153956624
00-0039064,0.0,0.0010192390588365909
00-0039064,0.0,0.009926605250775504
00-0039064,0.0,0.00031081876939640805
00-0039064,0.0,0.0011712061136189909
00-0039067,0.0,-0.0007370412878833084
00-0039075,0.0,-0.002226317183356857
00-0039075,0.0,-0.0014014664907858246
00-0039075,0.0,0.0014871198105572661
00-0039075,1.0,0.7726594456626665
00-0039075,0.0,0.37704418308870796
00-0039075,0.0,-0.001342526669366143
00-0039139,1.0,0.9352514835137778
00-0039139,0.0,0.8576343076507541
00-0039139,0.0,0.48975156109524254
00-0039139,2.0,0.6660766963688917
00-0039139,0.0,0.5767074619601484
00-0039139,2.0,1.5009268443995372
00-0039139,1.0,1.164661463879256
00-0039139,1.0,1.1527664800397652
00-0039139,0.0,0.4995156329340305
00-0039139,1.0,0.7026133681364874
00-0039139,2.0,1.1715987969976083
00-0039139,0.0,1.1354488702697436
00-0039139,0.0,0.47675689560547696
00-0039139,1.0,0.10908355282836218
00-0039139,1.0,1.1665684404340981
00-0039139,1.0,1.2796803584465475
00-0039139,3.0,1.7550022121282336
00-0039139,2.0,1.6396482729971413
00-0039146,1.0,0.545774222010939
00-0039146,0.0,0.569643095109789
00-0039146,0.0,0.24744550610713364
00-0039146,0.0,-0.003518741601809949
00-0039146,0.0,0.006787951213512244
00-0039146,0.0,0.01645254143237763
00-0039146,0.0,0.020599709463370697
00-0039146,0.0,0.0010192390588365909
00-0039146,0.0,0.001386834270800879
00-0039150,1.0,0.2908981513035691
00-0039150,0.0,0.1303082239055892
00-0039150,0.0,0.3046617994986144
00-0039150,0.0,-0.0014138965922100798
00-0039150,0.0,0.005134088451041579
00-0039150,0.0,0.020440979619761043
00-0039150,0.0,0.0076260086767278015
00-0039150,1.0,0.17392363891939236
00-0039150,0.0,0.48337680974955366
00-0039150,1.0,0.2636381049538272
00-0039150,1.0,0.8990657651828534
00-0039150,0.0,0.12904348908893054
00-0039150,2.0,0.8931148236513323
00-0039152,0.0,0.47616789891196776
00-0039152,0.0,0.021703149508796496
00-0039152,0.0,-0.003749914634648568
00-0039152,0.0,-0.0024836000066035466
00-0039152,0.0,-0.0011205141522172822
00-0039152,0.0,0.021494798748294967
00-0039152,0.0,0.009683484967327833
00-0039152,0.0,0.01671013518706535
00-0039152,0.0,-0.0012271160274245061
00-0039152,0.0,0.011741848153136048
00-0039163,0.0,0.010650863840674117
00-0039163,0.0,-0.0024971400644861015
00-0039163,0.0,0.002605948710823885
00-0039163,0.0,0.01771419473544426
00-0039163,0.0,-0.0010801611190353782
00-0039163,0.0,0.024599220984178567
00-0039163,0.0,0.007324447322223336
00-0039163,0.0,-0.0025012530162327176
00-0039163,0.0,0.04765394631413414
00-0039163,0.0,0.0004695244126567599
00-0039163,0.0,0.0033645187522426015
00-0039163,0.0,0.003927361022893196
00-0039163,0.0,0.009124769719806162
00-0039163,0.0,-0.002526627938498377
00-0039163,0.0,0.02410553682091279
00-0039163,0.0,0.0088151572835886
00-0039164,1.0,0.7675251870541543
00-0039164,0.0,0.2715539373773001
00-0039164,0.0,0.19874497714934078
00-0039164,0.0,0.013838588179871355
00-0039164,0.0,0.028425605660439467
00-0039164,0.0,0.012756922183546189
00-0039164,2.0,0.7608193070256681
00-0039164,0.0,0.9769781746228257
00-0039164,1.0,1.0902075908843771
00-0039164,1.0,0.5835575077270144
00-0039164,1.0,1.2805967634013962
00-0039165,0.0,0.025512047002905634
00-0039165,1.0,0.4503390478372335
00-0039165,2.0,1.266363862788181
00-0039165,0.0,0.38324931466668644
00-0039165,0.0,0.08151838189560039
00-0039165,0.0,0.007198926806632783
00-0039165,0.0,0.009388782246329445
00-0039165,1.0,0.1657024242091337
00-0039165,0.0,0.4582221270321241
00-0039165,0.0,0.45432852430962106
00-0039165,0.0,0.015420796089814642
00-0039165,1.0,0.4750723129230883
00-0039165,2.0,1.692530484515033
00-0039165,1.0,0.5802193002458457
00-0039165,0.0,0.4400323276246353
00-0039165,0.0,0.08079083570244579
00-0039244,0.0,-0.001071978299612771
00-0039244,0.0,-0.0025412737115316107
00-0039299,0.0,-0.002605708647405012
00-0039325,0.0,-0.0011669740822621846
00-0039325,0.0,0.028311506107339176
00-0039325,0.0,0.04398079661852476
00-0039325,0.0,-0.008878510203403052
00-0039325,0.0,0.0033385826302284476
00-0039325,0.0,0.014418520786403701
00-0039325,0.0,-0.0009176087679263465
00-0039325,0.0,-0.0010176190349158404
00-0039325,0.0,-0.0022409593513432677
00-0039325,0.0,-0.0024449903763650543
00-0039325,0.0,-0.0017611910556854767
00-0039325,0.0,0.012676302488255044
00-0039337,0.0,-0.0013334288675121442
00-0039337,0.0,-0.002917842795857387
00-0039338,0.0,0.0007212714928237075
00-0039338,0.0,-0.0014672884424505271
00-0039338,0.0,-0.0014672884424505271
00-0039342,0.0,-0.0014894139613520856
00-0039342,0.0,0.000392669848223754
00-0039342,0.0,-0.0013793409718842662
00-0039342,0.0,-0.0023575439753377152
00-0039344,0.0,-0.0014138965922100798
00-0039344,0.0,0.0067614650601904875
00-0039361,0.0,0.036593894847042195
00-0039361,0.0,0.008421352962011396
00-0039361,0.0,0.042744782366161485
00-0039361,1.0,0.26944763854213305
00-0039361,0.0,0.358006682048929
00-0039361,1.0,0.9186547722334951
00-0039361,1.0,0.6554684218121284
00-0039361,0.0,0.6056337633508329
00-0039361,0.0,0.30845027729000396
00-0039361,1.0,0.6098395159870929
00-0039361,1.0,1.1131210991437406
00-0039361,1.0,1.0877387995971797
00-0039361,0.0,0.2050767992127896
00-0039361,0.0,0.47912490024609083
00-0039361,1.0,0.48491995619509787
00-0039361,0.0,0.38566074989079496
00-0039361,1.0,0.665216907352767
00-0039361,0.0,0.38976479342817016
00-0039363,0.0,0.023248079376727536
00-0039363,0.0,0.015702825285078416
00-0039363,0.0,0.14937271689036039
00-0039363,0.0,-0.013292498121408284
00-0039363,1.0,0.4952270277451771
00-0039363,1.0,0.6149224572890563
00-0039363,2.0,1.2262103224304703
00-0039363,0.0,1.1427946213108897
00-0039363,0.0,0.2624072391690169
00-0039363,0.0,-0.005754497430679053
00-0039364,0.0,0.001063449346774621
00-0039364,0.0,0.01526289194233358
00-0039365,0.0,-0.0014894139613520856
00-0039373,0.0,-0.0013761006154285275
00-0039373,0.0,-0.0015136919397909765
00-0039373,0.0,0.05848989175939438
00-0039373,0.0,-0.0017968042566123637
00-0039373,0.0,0.01705806742358319
00-0039373,0.0,0.03254191445207145
00-0039373,0.0,-0.0005727426736989887
00-0039373,0.0,-0.003059795078004133
00-0039373,0.0,0.0004320647863692499
00-0039373,0.0,0.012701997875661711
00-0039373,1.0,0.4920780448379225
00-0039373,0.0,0.3787681661917908
00-0039373,1.0,0.8992407718661992
00-0039376,0.0,0.00957428658063582
00-0039376,0.0,0.011979361262786474
00-0039376,0.0,0.016791090700965385
00-0039376,0.0,0.010512484770419207
00-0039376,0.0,-0.0027976291823511527
00-0039384,0.0,-0.002429102441212421
00-0039384,0.0,-0.0013697629451645708
00-0039384,0.0,0.018308582806810126
00-0039384,0.0,0.0038993681785924514
00-0039384,0.0,0.160729197293788
00-0039384,1.0,0.32798853311596554
00-0039384,0.0,0.08078895753781808
00-0039384,1.0,1.1786346046879608
00-0039384,0.0,0.3684327039175837
00-0039384,1.0,0.9667992292339711
00-0039384,0.0,0.15404908877188375
00-0039384,1.0,0.3030609547926758
00-0039384,1.0,0.8698561825770168
00-0039384,0.0,0.45143693862869594
00-0039384,0.0,0.18999879121337923
00-0039384,0.0,0.08233181625082368
00-0039384,0.0,0.07840932404477166
00-0039391,0.0,0.010188594126531433
00-0039391,0.0,-0.0013163710949241232
00-0039391,0.0,0.006978375072504292
00-0039391,0.0,0.0002046271459226904
00-0039391,0.0,0.008900642379720401
00-0039391,0.0,0.020228519903567232
00-0039391,0.0,-0.0031895170810268365
00-0039391,0.0,0.018867352046232626
00-0039391,0.0,0.02574612632078763
00-0039393,0.0,0.009842294299204024
00-0039393,0.0,0.0052515540237545785
00-0039398,1.0,0.8648363242235523
00-0039573,0.0,0.0038607798543771996
00-0039589,0.0,-0.00014881593361741374
00-0039603,0.0,-0.0024971400644861015
00-0039611,0.0,-0.00035190127786999216
00-0039617,0.0,0.016615552353320896
00-0039692,0.0,-0.001778207681576227
00-0039703,0.0,-0.0025425158736510104
00-0039732,1.0,0.8190191162854649
00-0039732,0.0,0.483473304807976
00-0039732,1.0,0.8204677394650091
00-0039732,0.0,0.19944006063325997
00-0039732,1.0,0.424918639409259
00-0039732,0.0,0.5703612482196294
00-0039732,0.0,0.5859701323291557
00-0039732,1.0,0.1308986066401577
00-0039732,0.0,0.18371244690765104
00-0039732,0.0,-0.0009189163648597042
00-0039732,0.0,-0.0017611910556854767
00-0039732,0.0,0.00047846828370969773
00-0039732,0.0,0.052860681843561366
00-0039732,0.0,0.012769126665871
00-0039732,0.0,0.0245834808505438
00-0039732,0.0,0.06996200295678401
00-0039732,0.0,0.004982446658557327
00-0039738,0.0,0.02234383146815159
00-0039738,0.0,0.014362849724358645
00-0039738,0.0,4.743155825797576e-05
00-0039738,0.0,0.005198749259867951
00-0039738,0.0,-0.002346500889704762
00-0039738,0.0,0.018457934668580544
00-0039738,0.0,-0.002526627938498377
00-0039738,0.0,0.029875325337419694
00-0039738,0.0,0.036535135431402986
00-0039738,0.0,0.001202649885648367
00-0039738,0.0,0.01135135950506535
00-0039738,0.0,-0.0025425158736510104
00-0039746,0.0,0.015997103310501217
00-0039746,0.0,0.024877499621538426
00-0039746,0.0,0.0002871074808164278
00-0039746,0.0,0.02481889940842195
00-0039746,1.0,0.47573913792442923
00-0039747,0.0,0.004725995502357572
00-0039747,0.0,-0.0012191237703832317
00-0039751,0.0,-0.0025425158736510104
00-0039757,0.0,0.0031410503788612066
00-0039757,0.0,0.01779999957961366
00-0039794,0.0,-0.0014672884424505271
00-0039794,1.0,0.5982214557845039
00-0039794,0.0,0.6056654952954025
00-0039794,0.0,0.1264880865428733
00-0039794,0.0,-0.0034293103391566924
00-0039794,0.0,-0.0016107097582794738
00-0039794,0.0,-0.0029457240474946526
00-0039794,1.0,0.6509072059926414
00-0039794,0.0,0.2352676937245214
00-0039794,0.0,0.2635960147620736
00-0039794,0.0,-0.0015391512924047696
00-0039794,0.0,0.0026756841819575105
00-0039794,0.0,0.03181685150156386
00-0039794,0.0,-0.0027256367205216775
00-0039794,0.0,-0.002835612374886961
00-0039794,0.0,0.022269451714925767
00-0039794,0.0,0.0038143763570367543
00-0039796,0.0,0.03725867743736698
00-0039796,0.0,0.0003346375439653692
00-0039798,0.0,-0.0019922456611358324
00-0039798,0.0,-0.0029457240474946526
00-0039798,0.0,-0.0013697629451645708
00-0039798,1.0,0.6543881481117007
00-0039798,0.0,0.34780126426004215
00-0039798,0.0,0.08049591957525734
00-0039798,0.0,0.018151521944238268
00-0039798,0.0,0.017000783311569973
00-0039811,0.0,0.0311567230817809
00-0039825,0.0,0.0009128101719932801
00-0039851,0.0,-0.0038539049143750575
00-0039851,0.0,0.015654453910590196
00-0039851,0.0,-0.0005329732801969844
00-0039851,1.0,0.29438878283691244
00-0039851,0.0,0.4821693121223968
00-0039851,0.0,0.17681325047549917
00-0039851,0.0,0.002923271141671234
00-0039851,0.0,0.0099409236877999
00-0039851,0.0,0.059445977333065184
00-0039851,1.0,0.1796810111571097
00-0039851,0.0,0.2575592226078096
00-0039851,0.0,0.2891137376725316
00-0039855,0.0,-0.001770278400414992
00-0039855,0.0,0.007207016915524722
00-0039855,0.0,-0.00014881593361741374
00-0039855,0.0,0.00416374154693827
00-0039868,0.0,-0.0014672884424505271
00-0039868,0.0,-0.001173724177184058
00-0039874,0.0,0.0064270912468217135
00-0039874,0.0,-0.0006863745591471396
00-0039874,0.0,0.025679725064934364
00-0039874,0.0,0.09090866118086147
00-0039874,0.0,0.011266865645866863
00-0039874,0.0,-0.004043565347527651
00-0039874,0.0,0.01464748185877518
00-0039874,0.0,0.0034302334966354584
00-0039874,0.0,0.004064810879398988
00-0039874,0.0,0.028180058307474106
00-0039874,0.0,0.000812784232650831
00-0039874,0.0,-0.002594665561772058
00-0039875,0.0,0.0026320853968829707
00-0039875,0.0,0.06216248781032218
00-0039875,1.0,0.5177553094561297
00-0039875,0.0,0.16267683570643374
00-0039875,0.0,0.1894459290567658
00-0039875,1.0,0.1944006839412414
00-0039875,0.0,0.29867523899421233
00-0039875,0.0,0.16290988487237357
00-0039875,0.0,-0.0018501961068528119
00-0039875,0.0,0.0066510587353784765
00-0039875,1.0,0.801502341283301
00-0039875,0.0,0.200941209465464
00-0039875,0.0,0.1493128556807681
00-0039875,0.0,0.01448380194358628
00-0039875,0.0,0.11806821471770733
00-0039875,0.0,0.0008789697991984055
00-0039875,1.0,0.2944351333942285
00-0039875,0.0,0.3121480526187706
00-0039880,0.0,-9.247635361779178e-06
00-0039880,1.0,0.43655870903003197
00-0039880,0.0,0.15231519682020325
00-0039880,0.0,0.1336969750240216
00-0039890,0.0,-0.0014349110746934904
00-0039890,0.0,-0.002594665561772058
00-0039890,0.0,0.0008087937910623452
00-0039893,0.0,-0.001272745126676073
00-0039893,0.0,0.004682272554188702
00-0039893,0.0,-0.0014672884424505271
00-0039893,0.0,-0.0014672884424505271
00-0039893,0.0,0.004693672365262365
00-0039894,1.0,0.8185232916344699
00-0039894,0.0,0.44066057796284697
00-0039894,0.0,0.3378735931486464
00-0039894,1.0,0.4139925158984512
00-0039894,0.0,0.5125129976084649
00-0039894,0.0,-0.0024449903763650543
00-0039894,0.0,-0.0017611910556854767
00-0039894,0.0,-0.0011510861471095513
00-0039894,1.0,0.6295158037542747
00-0039894,0.0,0.18419770055788623
00-0039894,0.0,0.15406288352148134
00-0039894,0.0,0.0013484821041970692
00-0039901,0.0,-0.0024013938167048504
00-0039910,2.0,2.064601299473843
00-0039910,0.0,0.7362990787449621
00-0039910,1.0,0.9430377944798193
00-0039910,1.0,0.691142673947107
00-0039910,0.0,1.0541479048652345
00-0039910,0.0,0.13682254067973024
00-0039910,0.0,0.05524724986614581
00-0039910,0.0,0.02233245170468104
00-0039910,0.0,0.010035861360566127
00-0039910,0.0,-0.003194916918764023
00-0039910,0.0,0.01213257718877231
00-0039910,1.0,0.5946501206609923
00-0039910,1.0,0.6309121990906723
00-0039910,0.0,0.80349674058005
00-0039910,0.0,0.51010658484744
00-0039910,0.0,0.06654610538356188
00-0039910,0.0,-0.019940162301069528
00-0039910,0.0,0.04222007880609434
00-0039910,0.0,0.07694109441280449
00-0039910,1.0,0.18866205305022285
00-0039916,0.0,0.022240069880015853
00-0039916,0.0,-0.002594665561772058
00-0039917,0.0,0.016259848173566484
00-0039917,0.0,-0.0014672884424505271
00-0039917,1.0,0.34291143637771737
00-0039918,0.0,0.0031063083087547036
00-0039918,0.0,0.02131704047873627
00-0039918,0.0,-0.00327953861339759
00-0039918,0.0,0.010124898855462083
00-0039918,0.0,0.03238579487612588
00-0039918,0.0,0.038253082364421646
00-0039918,0.0,0.018631885706158306
00-0039918,0.0,-0.008555834511292633
00-0039918,0.0,-0.0026781492653473213
00-0039918,0.0,0.06940154327649539
00-0039918,0.0,0.0024831080870489444
00-0039918,0.0,-0.00043652668411199076
00-0039918,0.0,0.01602468168566882
00-0039918,0.0,0.00547760764515139
00-0039918,0.0,0.01107802654827228
00-0039918,0.0,0.012451542145896647
00-0039918,0.0,-0.0028190964597369305
00-0039919,0.0,-0.0025930797920936366
00-0039919,0.0,0.003336089877735258
00-0039920,0.0,0.002605948710823885
00-0039920,0.0,-0.0013697629451645708
00-0039921,0.0,0.00026934175054335564
00-0039921,0.0,0.02308287101973377
00-0039921,0.0,-0.0019118302304668156
00-0039921,0.0,0.04028140904598355
00-0039921,0.0,0.057847994763334805
00-0039921,0.0,0.0027623904034537396
00-0039921,1.0,0.4430745151651066
00-0039921,0.0,0.5228908880554631
00-0039921,0.0,0.060090671638073495
00-0039921,0.0,0.001172081062601565
00-0039921,0.0,-0.0009161164706700468
00-0039921,0.0,0.04508093830959163
