player_id,actual,predicted
00-0023459,15.14,15.205509141100706
00-0023459,21.040000000000003,19.44746045188305
00-0023459,9.6,8.50214101073961
00-0023459,16.06,16.72265594848603
00-0023459,14.0,18.340963944808735
00-0023459,28.06,25.574168225336667
00-0023459,12.84,12.395095083209057
00-0026158,15.02,16.627793173509264
00-0026158,26.56,24.18022241203538
00-0026158,13.66,18.5379460104179
00-0026158,15.300000000000004,15.36691475630951
00-0026300,0.2,0.5476121909533553
00-0026498,19.22,16.202223767992045
00-0026498,15.62,17.084227567614146
00-0026498,8.200000000000001,8.663123861287689
00-0026498,9.16,7.537799182375842
00-0026498,19.46,16.451288807394725
00-0027973,15.7,17.5961476873842
00-0027973,-0.2599999999999998,3.249279330445321
00-0027973,14.94,15.12284162845513
00-0027973,0.0200000000000002,2.5469145896119074
00-0028118,6.14,7.725499985038515
00-0028118,11.92,14.284811950571445
00-0029263,24.860000000000003,23.456302164157343
00-0029263,13.82,11.086828174148254
00-0029263,18.1,22.561247312800717
00-0029263,6.299999999999999,7.9437194205192565
00-0029263,13.8,11.643147381572929
00-0029263,26.86,24.776907629565518
00-0029263,16.02,19.16728612726097
00-0029263,8.420000000000002,8.870701387340361
00-0029263,15.38,16.64087331608114
00-0029263,15.7,14.620669182002981
00-0029263,11.52,10.068003988226742
00-0029263,19.4,17.607595281803587
00-0029604,28.64,27.1844867920222
00-0029604,2.1000000000000005,6.983799407001084
00-0029892,10.6,10.348291770610313
00-0029892,1.4,1.1879585672786968
00-0029892,1.7000000000000002,1.9290257678160556
00-0029892,3.6,2.4123676527809357
00-0030506,1.6,2.443872474666777
00-0030565,17.84,18.55383381214684
00-0030565,17.88,13.393725172814467
00-0030565,18.96,14.973156988644702
00-0030565,20.56,14.975972111257171
00-0030565,17.78,15.036719761517377
00-0030565,8.08,8.429674514205695
00-0030565,22.12,21.86924970872611
00-0030565,15.74,14.178957076224542
00-0030565,12.36,11.619642695262
00-0030565,12.44,9.885560486339875
00-0030565,4.46,3.0243749092169754
00-0030565,21.360000000000003,21.36861226046815
00-0030565,6.300000000000001,4.7188071207260744
00-0030565,25.04,24.808299240408235
00-0030578,1.3,1.3346706702309203
00-0030578,0.3,0.2947237159322269
00-0030578,7.800000000000001,7.6762396687160095
00-0030578,8.2,7.7551474996253305
00-0030578,1.4,1.4660642240990935
00-0030578,8.3,7.101507942635057
00-0030578,-0.8999999999999999,0.8525711030877721
00-0030578,1.8,2.5961320223182325
00-0030578,0.2,0.3097187470552077
00-0030578,0.1,0.20272536233742242
00-0031236,14.5,16.9150058019248
00-0031280,21.3,21.338520876106518
00-0031280,21.82,21.508766089746345
00-0031280,7.979999999999999,7.297086134268636
00-0031280,8.06,8.693159024067347
00-0031280,20.46,20.10246299114773
00-0031280,16.720000000000002,16.281175629711008
00-0031280,12.56,11.375308906622093
00-0031280,11.96,11.790289124804925
00-0031345,19.86,17.203229342614613
00-0031503,0.4,0.2628158333381255
00-0031503,0.1,0.16225234259590807
00-0031503,23.56,16.524062615201245
00-0031503,10.1,13.087356844770994
00-0031503,24.6,22.745319814879608
00-0031503,9.46,10.638851283462001
00-0031503,30.98,30.525084307782457
00-0031503,15.28,18.15157234452516
00-0031588,21.9,25.305238693394795
00-0031588,18.5,18.581871640758497
00-0031595,1.0,2.583850675937097
00-0031595,2.1,1.8370815650719916
00-0031595,6.1,5.6178482706435755
00-0031595,0.3,0.3477478740127002
00-0031687,3.9,4.425984121759994
00-0031687,11.8,10.663689423547794
00-0031687,3.0,3.9963748606532166
00-0031687,16.0,15.117973428902786
00-0031687,8.8,7.617416554119631
00-0031687,1.2,2.4727793440644557
00-0031687,5.4,4.342091624160966
00-0031687,5.1,6.120689279906158
00-0031687,6.6000000000000005,6.339612489913622
00-0031687,3.9,3.9615615130855475
00-0031800,1.2000000000000002,0.8672539962234523
00-0031800,0.8,0.8773735823453006
00-0032104,2.2,3.3323410179136093
00-0032104,14.1,14.33376192229967
00-0032104,4.800000000000001,4.831005819316104
00-0032104,2.1,1.5058778326693902
00-0032104,5.6,6.0762438692844745
00-0032104,10.7,11.443148194502301
00-0032104,17.5,16.79856576181155
00-0032104,7.300000000000001,6.613537904515586
00-0032104,0.8,1.8300443425931643
00-0032104,19.6,18.778215436653344
00-0032104,19.5,19.123559669697162
00-0032104,17.700000000000003,15.817485718812199
00-0032268,0.12,1.0867791393663888
00-0032268,19.5,19.253151313503768
00-0032268,26.040000000000003,25.27986168872272
00-0032268,0.2,1.8301687572716985
00-0032385,8.4,9.545020479526597
00-0032385,10.9,9.901159551425042
00-0032385,2.0,2.496831997617397
00-0032385,4.4,4.535368719009762
00-0032434,6.460000000000001,6.060834822261787
00-0032464,1.2000000000000002,1.4913862772090727
00-0032764,10.6,11.078744561137158
00-0032764,16.6,14.859385058311526
00-0032764,30.4,31.160097189598826
00-0032764,35.900000000000006,37.80494610079343
00-0032764,16.6,18.024650254873375
00-0032764,25.200000000000003,27.871322356507577
00-0032764,25.2,26.035014917079938
00-0032764,14.7,15.717442381782913
00-0032764,26.3,25.57361786022015
00-0032764,14.1,13.586900298767008
00-0032764,10.5,10.7235336296348
00-0032764,14.0,13.943031701335887
00-0032764,14.1,13.259705372199077
00-0032764,6.7,7.374388571350531
00-0032764,20.9,19.178322608746935
00-0032764,24.5,25.453632067396352
00-0032764,30.1,32.1303803391745
00-0032764,30.6,32.78145862584624
00-0032764,14.4,15.346250411293127
00-0032918,7.0,5.912231396805162
00-0033009,0.3,0.5214255913082385
00-0033040,6.6,7.77800865972481
00-0033040,8.2,9.307504964330201
00-0033040,2.3,2.4836989583947564
00-0033040,11.7,14.448648301310778
00-0033040,28.1,30.402739564519763
00-0033045,12.9,12.731108420460922
00-0033045,5.2,4.489546346420574
00-0033045,2.2,2.1754281960849133
00-0033045,3.4000000000000004,3.944301293684865
00-0033045,1.7000000000000002,1.9124201064870832
00-0033045,1.7000000000000002,1.9553963713513225
00-0033045,10.8,11.224972972528567
00-0033045,0.2000000000000001,0.04761647806766704
00-0033045,5.4,5.441907093517111
00-0033045,0.6000000000000001,0.4728263815208829
00-0033045,0.4,0.3641063700979486
00-0033045,1.6,1.9966010493797335
00-0033045,5.1000000000000005,4.434300469277929
00-0033045,6.1,6.227868267566923
00-0033045,0.2,0.5944299962293376
00-0033077,11.46,11.311404281923894
00-0033077,12.920000000000002,13.339021165670292
00-0033077,27.86,25.668100094818623
00-0033077,16.38,17.612779298538968
00-0033077,1.2200000000000002,3.6212686831313454
00-0033077,12.32,12.037484713068773
00-0033106,11.38,13.317727697781304
00-0033106,8.780000000000001,8.40211525200206
00-0033106,13.76,15.497710543571694
00-0033106,25.1,24.16527823370214
00-0033106,15.5,20.211638590212967
00-0033106,7.800000000000002,16.873694075522955
00-0033106,34.220000000000006,29.440849989499903
00-0033106,14.94,16.66758994059366
00-0033106,22.02,21.589422898151664
00-0033106,38.22,32.19245629546685
00-0033106,9.22,12.590565016560541
00-0033119,8.04,8.053138445876396
00-0033119,10.56,11.594464119967306
00-0033119,6.860000000000001,7.9503784075572925
00-0033119,7.4,6.117463645191759
00-0033119,6.380000000000001,7.032012176277182
00-0033280,16.700000000000003,17.82119190875873
00-0033280,14.6,14.906572895553078
00-0033280,7.800000000000001,6.9770811700146345
00-0033280,8.7,8.73775885207544
00-0033282,3.5,3.7364505541360193
00-0033282,0.7000000000000001,0.7107317542192189
00-0033282,3.6,4.487399482002298
00-0033293,18.9,17.986495546205397
00-0033293,9.8,10.510599495114215
00-0033293,25.8,22.900698922376915
00-0033293,17.9,17.895042377950688
00-0033293,6.300000000000001,5.335046985724806
00-0033293,20.6,21.370864292009035
00-0033293,11.5,10.45266415009118
00-0033293,12.2,13.09199118109628
00-0033293,12.1,12.635334746455742
00-0033293,5.3,5.889372881370143
00-0033293,19.9,19.537374278669585
00-0033293,9.8,12.40418392450397
00-0033293,16.4,15.352905525877997
00-0033293,18.6,17.196139640646457
00-0033293,12.3,12.166124958519877
00-0033293,11.7,11.43158074516791
00-0033293,12.5,12.818189450606322
00-0033293,9.0,9.206385998440357
00-0033307,7.5,6.867321821199069
00-0033357,4.6,4.8562573677812235
00-0033357,2.9000000000000004,3.4756509302612386
00-0033357,14.4,12.60536599526317
00-0033357,6.220000000000001,4.7201291550062745
00-0033357,16.0,16.541636279271763
00-0033357,7.0,6.338209397382507
00-0033357,41.52,39.430759687717945
00-0033357,9.7,10.162827338567897
00-0033526,7.0,7.242555335771315
00-0033526,7.4,7.986449903989063
00-0033526,3.8,2.9277817452135984
00-0033526,13.5,15.492547811357447
00-0033526,4.4,5.125442946350299
00-0033526,2.9000000000000004,2.1539266697413297
00-0033526,4.4,3.087788872322674
00-0033526,4.9,6.274223185778331
00-0033526,2.4000000000000004,3.089055388951963
00-0033526,0.8,0.6413181824966377
00-0033537,10.66,15.004742207161046
00-0033537,15.44,13.454524975566121
00-0033537,14.44,15.667082102982143
00-0033537,12.239999999999998,13.894188070162357
00-0033537,8.4,10.0326699264762
00-0033537,8.42,8.506655832270008
00-0033553,17.3,17.102974891362493
00-0033553,19.4,22.072329225783633
00-0033553,3.5,3.5822263751365435
00-0033553,18.3,18.223900012481234
00-0033553,12.0,11.543155250262231
00-0033553,6.4,6.91314808091963
00-0033553,15.200000000000005,12.054882718417577
00-0033553,14.9,15.98587730737142
00-0033553,14.9,15.987485863592621
00-0033553,22.3,20.97800080994705
00-0033553,9.9,11.187269727133135
00-0033553,11.1,11.893436029518494
00-0033553,22.200000000000003,21.936467493956304
00-0033553,30.8,31.64618071229841
00-0033553,26.6,24.01788765898963
00-0033553,2.8,5.275575005437426
00-0033557,0.1,0.25576295849008335
00-0033662,-1.96,0.36270642401993775
00-0033662,9.000000000000002,8.395816933877446
00-0033662,-2.0,-1.615935000287178
00-0033662,14.36,10.652889202761443
00-0033662,17.980000000000004,13.290668177047637
00-0033662,13.82,15.747995212014683
00-0033662,19.06,18.338458492588924
00-0033662,4.079999999999999,8.755780406474821
00-0033699,10.2,8.970020138414133
00-0033699,11.5,9.236730597118164
00-0033699,13.7,14.17666195395525
00-0033699,11.7,9.9987682325085
00-0033699,10.8,9.601998852716306
00-0033699,4.0,5.565190608523202
00-0033699,7.800000000000001,8.547020426379554
00-0033699,17.3,16.002637446411097
00-0033699,18.1,18.34874652258788
00-0033699,17.6,17.465255215443324
00-0033699,4.4,5.367738122362241
00-0033699,5.2,5.717891600610504
00-0033699,8.3,7.824536515837661
00-0033699,12.8,12.517576099766709
00-0033699,6.199999999999999,8.092847224106634
00-0033854,4.300000000000001,4.140158649854478
00-0033854,15.4,15.569420028864926
00-0033854,14.7,15.712389327595131
00-0033854,0.8,1.1176536215307795
00-0033854,0.6000000000000001,0.7988873486627852
00-0033854,0.4,0.4174228047129946
00-0033854,1.1,0.902497206048908
00-0033854,3.5,3.002175410867311
00-0033854,2.8,2.5319319274378183
00-0033854,0.5,0.4773578344355881
00-0033854,1.9,2.3082826286879086
00-0033869,9.239999999999998,8.661257857898397
00-0033873,15.14,12.757689864366798
00-0033873,12.94,19.15157960459855
00-0033873,16.38,18.792285835097957
00-0033873,13.0,11.458963476480637
00-0033873,12.84,12.633667627898069
00-0033873,12.06,15.114368214929662
00-0033873,18.18,17.776582042606854
00-0033873,22.54,21.775945446580028
00-0033873,16.54,17.729095911305013
00-0033873,28.76,26.68229588439062
00-0033873,16.24,15.420298442707576
00-0033873,14.1,14.43564279491051
00-0033873,15.76,18.007051362166337
00-0033873,23.7,23.711433762490266
00-0033873,26.0,22.884948160135348
00-0033873,12.48,12.887878881037171
00-0033873,28.1,27.200883856358328
00-0033873,18.78,21.268678736289242
00-0033893,3.2,2.9006715784990083
00-0033893,0.8,0.6712361854754402
00-0033897,26.8,27.89588130142569
00-0033897,8.0,8.233547612286669
00-0033897,27.200000000000003,25.64140267223829
00-0033897,26.4,26.96775686483999
00-0033897,23.4,22.332492290094088
00-0033897,16.6,17.319949272719338
00-0033897,17.0,16.339932783132916
00-0033897,35.3,33.04037725163006
00-0033897,9.5,12.919305022349489
00-0033897,21.9,22.388576350613818
00-0033897,10.6,10.242874144159561
00-0033897,8.100000000000001,6.935852445679358
00-0033897,5.9,5.443376136615305
00-0033897,3.8,3.8441785910796535
00-0033897,16.9,15.88661935768878
00-0033897,18.0,19.09025980107106
00-0033906,22.0,20.82757239325938
00-0033906,44.0,40.26454880815734
00-0033906,15.7,14.843423568076247
00-0033906,24.9,25.764332003271587
00-0033906,12.6,13.103851191242365
00-0033906,17.4,18.974739858733482
00-0033906,8.4,10.3206502703742
00-0033906,18.200000000000003,15.836151147258958
00-0033906,27.5,24.99781419165554
00-0033906,15.9,18.300199763422963
00-0033906,12.9,14.270905174761564
00-0033906,15.9,16.62722079363709
00-0033906,12.9,13.529407447577851
00-0033906,17.0,17.2472500983161
00-0033908,32.0,28.462473446812226
00-0033921,11.6,10.145158761958726
00-0033923,10.5,9.555522051958924
00-0033923,18.700000000000003,18.477909740060706
00-0033923,22.3,23.213184492143526
00-0033923,13.3,13.427482423309666
00-0033923,18.700000000000003,17.87521175602182
00-0033923,17.0,17.82559832611331
00-0033923,6.0,6.132495202235529
00-0033923,11.7,12.062997861334386
00-0033923,3.5,4.737679773184511
00-0033923,3.9,3.369451165753809
00-0033923,5.9,5.99724344229399
00-0033923,15.9,15.62886638060219
00-0033923,8.0,8.53352463441844
00-0033923,11.6,11.686407294376128
00-0033923,14.0,14.08395240924187
00-0033923,2.4000000000000004,1.8283093079745287
00-0033925,6.1000000000000005,6.14092536302168
00-0033925,0.5,0.31998261860734334
00-0033925,1.7000000000000002,2.2186209878761116
00-0033925,7.0,5.952518447497563
00-0033925,6.7,7.139347371633373
00-0033925,0.5,0.5659020065969781
00-0033925,2.6,2.526379872139026
00-0033925,-1.9,-1.7233612331124706
00-0033925,4.9,4.289118146281286
00-0033925,4.5,4.110124017844467
00-0033948,12.1,10.889929239736313
00-0033948,3.9,3.419226173686111
00-0033948,3.9,4.031047673978504
00-0033948,0.9,0.6570086691035746
00-0033948,0.7000000000000001,0.6136204704918178
00-0033948,1.7000000000000002,1.4806746519721212
00-0033948,0.4,0.32979717829483224
00-0033948,3.5,3.5300522327924035
00-0033948,0.8,0.7113173960888697
00-0033948,3.4000000000000004,2.891499593032899
00-0033948,3.2,3.2123170458895496
00-0033949,8.1,8.35979554552841
00-0033949,22.74,20.609079765570964
00-0033955,0.1,0.3243012272820276
00-0033955,20.4,17.67269993964929
00-0033955,10.4,10.474054768001515
00-0033955,0.9,0.9304379402952883
00-0033955,4.2,4.211464832256547
00-0033955,2.0,2.2553528534159977
00-0033955,6.7,6.118000861135061
00-0033955,1.6,2.230493231902901
00-0033955,2.2,1.9030582571621482
00-0033955,3.2,3.0618983998042566
00-0033955,1.4,1.915788042450635
00-0033955,5.8,6.410807697653828
00-0033955,3.0,3.4390489157634896
00-0033955,0.1,0.18496278665460594
00-0033955,6.8,6.594301349128514
00-0034115,2.6,2.658386773960847
00-0034115,1.4,1.3579001924095655
00-0034115,2.1,2.027218787747452
00-0034115,1.2000000000000002,0.9810410248161293
00-0034115,0.5,0.47295217032616255
00-0034177,3.76,3.323506950574881
00-0034177,3.36,2.269473273460005
00-0034184,3.8,4.507395477299621
00-0034184,5.9,6.656681664254643
00-0034184,0.9,1.1705257639747007
00-0034184,1.9,2.196561131940946
00-0034184,5.5,5.369411506749496
00-0034184,2.7,2.506785798428861
00-0034184,7.1,8.348863666848986
00-0034184,4.300000000000001,4.338505050137229
00-0034184,9.6,9.73063409839284
00-0034184,2.3000000000000003,2.1450489110339515
00-0034184,20.1,19.580584149237502
00-0034184,2.2,1.8468427078345282
00-0034208,0.7000000000000001,0.712854346975842
00-0034208,1.4,1.2648605126794892
00-0034208,0.1,0.2094097961248477
00-0034208,1.1,0.8266760167573411
00-0034208,2.6,3.2045877750242684
00-0034272,8.8,5.954425030049054
00-0034351,16.8,15.965621359880945
00-0034407,7.5,7.998500255034425
00-0034407,5.7,6.292953134484936
00-0034407,4.300000000000001,4.420920391887047
00-0034407,5.6,6.299018554882034
00-0034407,12.5,12.160847010916482
00-0034407,6.6,5.331166354860569
00-0034407,18.1,18.389275391877092
00-0034407,5.7,7.1452058655984105
00-0034407,3.7,3.1059477886177187
00-0034613,16.3,15.26392296028362
00-0034753,15.6,17.281806188362513
00-0034753,18.9,20.009060408698772
00-0034753,13.8,14.715075631057362
00-0034753,5.2,5.192763904881894
00-0034753,9.4,10.18975834309282
00-0034771,10.22,11.011058292794328
00-0034771,17.54,16.267950206406848
00-0034771,17.5,17.40423402615069
00-0034771,15.76,15.708827510210561
00-0034771,12.38,16.062528535988232
00-0034771,12.02,11.901870632303126
00-0034771,3.3000000000000003,2.045842417069773
00-0034791,10.2,10.612977567436296
00-0034791,5.2,5.995151133145242
00-0034791,4.5,5.4824969874101095
00-0034791,5.0,5.467632112618051
00-0034791,19.0,19.11706807703861
00-0034791,12.5,13.75885066623668
00-0034791,4.800000000000001,3.8869939799036515
00-0034791,2.1000000000000005,3.1396843593099066
00-0034796,25.12,24.01910521968828
00-0034796,16.380000000000003,14.948314958952823
00-0034796,25.980000000000004,25.18335478706402
00-0034796,23.64,24.082112472152634
00-0034796,33.42,32.91931307488003
00-0034796,18.92,16.91813473250424
00-0034796,34.440000000000005,32.17337004117144
00-0034796,24.160000000000004,21.90793998813013
00-0034796,23.6,26.567784721861962
00-0034796,30.9,33.72931970056705
00-0034796,12.88,14.284061764082146
00-0034796,22.58,23.09202965043711
00-0034796,25.380000000000003,22.97777202433508
00-0034796,36.1,31.250544393764375
00-0034796,20.48,24.859507780807643
00-0034796,29.42,28.550411832825386
00-0034796,22.98,22.116782079446736
00-0034796,23.1,22.21802137000922
00-0034796,16.060000000000002,17.750909618720378
00-0034827,10.0,12.68041967172888
00-0034827,5.4,5.5964285114457715
00-0034827,5.7,5.965110295820069
00-0034827,13.7,12.78432065669154
00-0034827,24.9,21.6727529687229
00-0034827,15.0,17.459857573478416
00-0034827,14.0,14.280469054163477
00-0034827,12.2,13.106332617552368
00-0034827,22.1,23.194943674123223
00-0034837,24.700000000000003,22.686117611719176
00-0034837,2.5,3.027180529312424
00-0034837,0.9,0.7102047430053237
00-0034837,22.6,18.33115284990956
00-0034837,9.0,8.545460810394271
00-0034837,14.1,12.739655661596288
00-0034844,33.2,32.55349132386511
00-0034844,15.6,16.79259035558094
00-0034844,31.6,36.199016994075386
00-0034844,13.6,12.132554184878344
00-0034844,7.4,9.408477432201877
00-0034844,26.7,26.07239081023274
00-0034844,12.1,12.904913282243031
00-0034844,32.900000000000006,34.43398264023025
00-0034844,8.8,8.122085859601814
00-0034844,33.8,32.91843613484728
00-0034844,46.2,39.900727449677824
00-0034844,19.700000000000003,20.416536560345577
00-0034844,12.4,14.624948485694576
00-0034844,9.4,10.350893432565075
00-0034844,27.0,27.39619251179085
00-0034844,18.9,19.01458593286882
00-0034844,14.3,15.827512904465257
00-0034844,39.2,37.13140359408992
00-0034844,31.200000000000003,32.05713604559003
00-0034844,15.7,19.38514605245757
00-0034855,29.660000000000004,33.41107289080361
00-0034855,18.8,19.020187629039537
00-0034855,28.880000000000003,27.034533437067843
00-0034855,23.4,25.45519368670594
00-0034855,25.54,31.264702543292945
00-0034855,25.0,27.837891905617994
00-0034855,22.300000000000004,27.544736215371984
00-0034855,18.0,17.753021187894202
00-0034855,8.940000000000001,9.458203528143947
00-0034855,18.66,13.620670554695401
00-0034855,10.2,11.347149495267606
00-0034855,19.0,20.55485787066618
00-0034855,28.02,28.22780544216427
00-0034855,20.32,19.560184526071478
00-0034855,34.56,32.204201182479174
00-0034855,21.64,20.603294490595484
00-0034855,15.7,17.488842714500542
00-0034857,31.18,28.392712371229493
00-0034857,9.76,10.600136356804194
00-0034857,30.92,32.522944836492655
00-0034857,7.300000000000001,6.61968056725352
00-0034857,14.64,15.629873659297546
00-0034857,24.4,25.137980909611763
00-0034857,21.020000000000003,18.00838847318279
00-0034857,19.82,19.74410220040825
00-0034857,20.1,25.300537945891115
00-0034857,18.200000000000003,18.162760595045757
00-0034857,23.98,24.472754850163092
00-0034857,21.44,21.748516202439394
00-0034857,51.88,41.43708230456815
00-0034857,41.28,35.126071693428
00-0034857,11.16,15.189601403715999
00-0034857,22.98,23.119077384258816
00-0034857,23.480000000000004,21.9142130724438
00-0034857,19.08,20.909164943464656
00-0034857,21.380000000000003,22.035904288300873
00-0034869,12.62,12.686681612801747
00-0034869,17.919999999999998,17.523438611004575
00-0034869,20.5,22.57403978678574
00-0034869,4.220000000000001,5.924759560356377
00-0034869,16.259999999999998,13.826577525994264
00-0034869,18.200000000000003,17.380121981517938
00-0034869,19.0,21.57454744747314
00-0034869,6.440000000000001,10.634675388421316
00-0034869,23.64,25.27057404062908
00-0034869,17.599999999999998,16.437391595708025
00-0034869,34.580000000000005,29.796093933187365
00-0034869,22.94,21.81947136881051
00-0034869,7.640000000000001,10.767009738272902
00-0034869,11.7,11.970278618887395
00-0034928,1.5,1.249244909796836
00-0034960,9.4,6.985837816848338
00-0034960,8.8,9.8776890314479
00-0034972,16.2,16.85050288703696
00-0034972,6.1,6.973747814102285
00-0034972,13.4,13.509795132953776
00-0034972,6.0,5.647299932059011
00-0034972,8.100000000000001,8.523508666364023
00-0034972,17.5,18.409518349549465
00-0034972,15.3,15.417812337235013
00-0034972,9.4,10.119023561595471
00-0034972,3.6,3.3596791493078095
00-0034972,9.9,8.182117559635332
00-0034972,2.4000000000000004,3.388627385620645
00-0034972,15.6,16.150466750869374
00-0034972,4.800000000000001,4.44453611030448
00-0034972,7.1,7.877534779279979
00-0034974,0.2,0.2509939854045824
00-0034975,11.5,12.042635946924914
00-0034975,4.7,5.4781629994336525
00-0034975,7.4,7.386589482965003
00-0034975,21.6,20.79273838031763
00-0034975,3.5,4.269899414229758
00-0034975,1.4,2.800707486749048
00-0034975,13.8,13.916303955796373
00-0034975,2.9000000000000004,2.5828221608329924
00-0034975,8.8,8.96038568175206
00-0034975,8.100000000000001,8.371433065805007
00-0034975,14.2,14.330238794496607
00-0034975,6.1,7.461125415932907
00-0034975,17.8,19.099136835667743
00-0034975,3.0,2.7430350945985382
00-0034975,12.5,15.603664154637721
00-0034975,7.7,7.890256442599722
00-0035021,0.9,0.7998835952463418
00-0035021,1.2000000000000002,0.9950440783506215
00-0035021,1.7000000000000002,1.4811574272363606
00-0035021,0.7000000000000001,0.47660635197453805
00-0035125,0.8,0.7534839794267352
00-0035125,0.2,0.305221993396699
00-0035125,6.3,6.224940107619895
00-0035125,5.2,6.02699828695431
00-0035125,0.4,0.31423450509057604
00-0035140,12.5,12.603158017088772
00-0035140,4.1,3.97308465053251
00-0035140,1.5,1.2061956073721252
00-0035208,23.3,22.688571969191926
00-0035216,5.9,7.296109654339829
00-0035228,14.18,14.930224139560062
00-0035228,28.54,27.21021512050082
00-0035228,14.78,12.760986754333915
00-0035228,7.98,9.275178937405068
00-0035228,24.1,23.182353227226123
00-0035228,7.880000000000001,10.473217934658749
00-0035228,18.200000000000003,19.02576332091511
00-0035228,22.18,18.585101928547413
00-0035228,2.76,3.134633877603261
00-0035228,28.74,24.31229703830735
00-0035228,10.3,8.596921482358931
00-0035228,15.2,14.315744318949479
00-0035228,15.96,16.93294362416445
00-0035228,10.06,9.874441736540302
00-0035228,20.380000000000003,21.563613637239932
00-0035228,16.04,15.69682796790285
00-0035228,27.88,28.156254268762957
00-0035243,2.2,2.2470896989082676
00-0035243,5.5,5.8410114709006855
00-0035243,11.0,10.874711311904573
00-0035243,7.6,7.535902501767645
00-0035243,5.300000000000001,3.618723385751948
00-0035243,2.3,2.495448890177127
00-0035243,3.8,5.007085967176856
00-0035243,11.5,10.787562852035878
00-0035243,0.5,0.12680924695536627
00-0035243,26.6,22.78582783460758
00-0035250,9.2,9.653630842125429
00-0035250,14.5,14.886752937362758
00-0035250,18.8,17.358406022315453
00-0035250,4.800000000000001,5.037343943009658
00-0035250,3.1,3.0297229734378557
00-0035250,4.300000000000001,4.691612314320163
00-0035250,3.3000000000000003,3.4591792412824334
00-0035250,5.5,5.524397961029271
00-0035250,9.0,8.905451203699768
00-0035250,2.3000000000000003,2.2342922564903334
00-0035250,0.8,0.6383957936560383
00-0035250,13.1,11.504155257764712
00-0035250,1.2000000000000002,1.1728025882469415
00-0035250,4.0,3.9858324279851245
00-0035250,2.7,3.669415630535297
00-0035261,18.4,17.761197307136886
00-0035261,15.2,13.313317512542127
00-0035261,5.9,6.343073821359973
00-0035261,18.8,19.686696732741623
00-0035261,17.8,20.447443318696234
00-0035261,8.5,9.150463710525917
00-0035261,14.7,14.30875741475143
00-0035261,18.4,17.42372121198623
00-0035261,10.3,10.167883933016103
00-0035261,4.9,5.11721041951473
00-0035261,21.9,23.127211328332827
00-0035261,8.8,7.217200643243234
00-0035261,14.4,14.408558691970502
00-0035261,8.5,9.893061167500738
00-0035261,6.0,6.451179772205074
00-0035261,6.2,7.427093289962762
00-0035264,0.7000000000000001,0.8965715794799506
00-0035289,10.78,9.444440632484051
00-0035289,11.96,11.211887500925283
00-0035289,7.680000000000001,9.30688473346071
00-0035289,-1.64,3.6785256088218077
00-0035289,14.96,12.829401583033764
00-0035289,17.98,18.99395979510631
00-0035289,11.7,12.104191961379579
00-0035311,2.3,2.013216922865359
00-0035500,11.1,11.905470824081752
00-0035500,2.7,3.0209218886169666
00-0035500,9.6,6.709001169841706
00-0035500,3.7,3.969128785025804
00-0035500,21.4,21.823574841694796
00-0035535,9.0,8.861384057153739
00-0035535,3.7,2.9887337695623093
00-0035537,0.7000000000000001,0.7317410109615528
00-0035537,13.6,15.429398968718045
00-0035537,6.3,7.119281167914006
00-0035537,1.5,1.317855994570697
00-0035537,3.4000000000000004,3.4086577399738496
00-0035537,2.3000000000000003,2.253545802659247
00-0035537,1.8,2.217239876560504
00-0035537,4.7,4.672231393730765
00-0035537,17.3,14.700321528948223
00-0035537,3.0,5.549746519716092
00-0035537,3.5,5.918707868195568
00-0035537,2.3,2.98046057286487
00-0035537,15.0,14.87584556769871
00-0035537,4.9,4.74589366632184
00-0035537,2.9000000000000004,3.7473984080391687
00-0035567,2.1,2.2797773367082415
00-0035567,0.3,0.29476564741408035
00-0035567,2.1,1.9435552065536086
00-0035567,0.6000000000000001,0.4756305419035621
00-0035567,3.3000000000000003,3.398888863391763
00-0035567,8.600000000000001,7.244620652271223
00-0035567,3.9,4.433600298009653
00-0035594,1.0,0.6442980612363625
00-0035594,0.6000000000000001,0.45696616614061375
00-0035594,0.7000000000000001,0.6580251530074874
00-0035628,2.6,2.39722785284168
00-0035628,1.2000000000000002,0.7858363982997507
00-0035628,3.0,3.2358984791227665
00-0035628,6.4,5.280520892039551
00-0035628,10.0,9.619731244525815
00-0035628,3.3000000000000003,2.542276207080929
00-0035628,0.6000000000000001,0.7608073450746171
00-0035628,0.3,0.2475086863594168
00-0035628,3.6,4.033536215872125
00-0035659,13.4,8.34017005524031
00-0035685,16.3,17.65969095596541
00-0035685,17.0,16.721681099745894
00-0035685,21.200000000000003,21.55328107538833
00-0035685,15.0,13.005653651089006
00-0035685,21.0,23.441589613561007
00-0035685,8.0,6.8709362542756205
00-0035685,14.92,15.700018090628973
00-0035685,12.6,12.341554501588744
00-0035685,12.6,11.84821603334302
00-0035685,24.5,24.796814253828323
00-0035685,16.3,15.675291760113765
00-0035685,15.4,14.947169095136456
00-0035685,19.4,19.852678557406676
00-0035685,7.5,8.198879892157722
00-0035685,3.6000000000000005,2.4773795254580353
00-0035700,12.4,12.750256260934506
00-0035700,13.1,13.696432386028217
00-0035700,5.800000000000001,6.963878887577521
00-0035700,11.8,11.44577960807404
00-0035700,16.4,15.529706238307847
00-0035700,12.0,12.574880444922748
00-0035700,20.200000000000003,20.504907156430583
00-0035700,25.5,27.867458870460606
00-0035700,12.8,12.76936519397219
00-0035700,23.4,21.356962006104062
00-0035700,28.6,29.331404071335
00-0035700,21.700000000000003,20.01383790165406
00-0035700,24.6,27.818794433689
00-0035700,21.6,21.184253616207346
00-0035700,20.700000000000003,19.660173164816936
00-0035700,10.9,10.840521495722571
00-0035700,11.6,11.116806515947703
00-0035700,21.1,19.444081184084165
00-0035704,1.54,1.5014848272834391
00-0035704,14.82,12.09126550382165
00-0035704,12.98,10.798675934230694
00-0035704,6.5,9.195217817586549
00-0035704,7.819999999999999,10.077983392141473
00-0035710,4.94,7.6296118050732575
00-0035710,18.32,17.574359718766406
00-0035710,19.44,19.66689507360335
00-0035710,9.54,8.911954053557933
00-0035710,22.08,22.47769337081092
00-0035710,11.8,11.094819356480793
00-0035710,5.96,6.053794897600399
00-0035710,6.66,5.184903875374257
00-0035710,24.36,21.831732349245346
00-0035710,12.2,14.297196742250081
00-0035719,18.7,19.05999202548524
00-0035719,10.2,9.822561321051305
00-0035719,3.0,5.305839711470665
00-0035719,20.700000000000003,17.146151267788838
00-0035719,12.6,12.39567374585074
00-0035719,12.6,14.78155303710017
00-0035719,5.5,5.20358868932386
00-0035719,4.9,5.963655057064706
00-0035719,25.1,21.849439469267594
00-0035719,9.1,12.14467782130393
00-0035806,0.2,0.26113420051249314
00-0035806,0.5,0.24411067451642354
00-0035806,1.5,1.3741927620927603
00-0035806,3.1,2.7382507001259055
00-0035806,3.4000000000000004,3.918459334987233
00-0035806,0.2,0.26131127094580814
00-0035806,3.5,4.027755990297144
00-0035860,11.5,10.635987980571299
00-0035924,0.9,0.8342489591144016
00-0035924,1.3,1.0284522591482868
00-0035973,3.8,3.0585618570833275
00-0035973,0.9,0.8795732710966467
00-0035973,8.5,9.141880967185896
00-0035973,3.5,4.036304495779851
00-0035973,13.1,11.460251045841195
00-0035993,11.84,12.873067029471253
00-0035993,6.46,7.093026702515
00-0035993,9.48,9.796602992138938
00-0035993,24.2,20.795697133334222
00-0035993,6.76,8.642564650021127
00-0036096,2.3,3.0394428663129958
00-0036096,1.8,1.7767404459913847
00-0036096,2.3000000000000003,2.240648705515091
00-0036139,4.2,4.879764901898804
00-0036139,9.9,10.040855267707819
00-0036139,8.600000000000001,8.662647008488348
00-0036139,13.1,13.355660993361047
00-0036139,19.4,19.94728067505624
00-0036139,10.5,11.015480687898345
00-0036139,21.700000000000003,20.030464430274876
00-0036139,8.600000000000001,8.583779746612464
00-0036139,5.4,5.634739110785601
00-0036139,10.8,10.346053368444283
00-0036139,21.3,21.823131591824723
00-0036139,15.1,14.368145457907486
00-0036139,14.9,14.794674281939018
00-0036139,8.100000000000001,8.632748345527709
00-0036139,9.8,11.29805987187946
00-0036139,16.4,17.240835876479277
00-0036158,22.9,24.11045604117544
00-0036158,20.1,20.516347453421744
00-0036158,8.4,9.033386194659453
00-0036158,9.2,8.465729832433427
00-0036158,18.200000000000003,18.816031554045438
00-0036158,9.6,9.562174865036395
00-0036158,16.8,18.877943616908468
00-0036158,23.5,21.877883413625952
00-0036158,8.5,9.367902860656454
00-0036158,18.9,18.32375965933549
00-0036158,8.9,7.4634105326495135
00-0036158,15.3,14.982811278382115
00-0036158,10.5,11.101664558252093
00-0036158,2.6,2.080676352478733
00-0036187,0.3,0.4800743857726534
00-0036187,0.4,0.3773606205714125
00-0036212,18.62,13.860120778922179
00-0036212,5.500000000000001,11.981946174432448
00-0036212,14.66,13.56945049296192
00-0036212,18.46,17.402232726028004
00-0036212,23.200000000000003,21.512092507699997
00-0036212,21.540000000000003,22.074116579915692
00-0036223,10.8,10.82177244538042
00-0036223,15.5,13.60666906425589
00-0036223,26.5,26.080753765276313
00-0036223,19.8,21.143744290541786
00-0036223,18.700000000000003,18.505086957431068
00-0036223,8.9,8.721969696210243
00-0036223,14.2,13.709330103325891
00-0036223,7.0,9.0722234052294
00-0036223,3.5,3.94478468927705
00-0036223,17.3,16.63692204995779
00-0036223,10.1,11.174584509143411
00-0036223,39.8,37.0547065273892
00-0036223,27.6,29.164879783236945
00-0036223,25.0,26.521037823588653
00-0036251,14.1,13.898861254560785
00-0036251,5.7,5.273701713176091
00-0036251,20.700000000000003,20.429174246366554
00-0036251,17.8,19.41291696514678
00-0036251,8.2,7.200271416869132
00-0036251,0.5,1.3970182778266513
00-0036251,7.0,7.01754773384749
00-0036251,7.9,7.701100969514688
00-0036264,24.160000000000004,25.76744110029374
00-0036264,15.96,17.930858437309112
00-0036264,25.62,28.08424649657863
00-0036264,20.24,17.179859994149144
00-0036264,14.72,15.734450270801169
00-0036264,12.54,11.967044260628859
00-0036264,17.56,17.176078057148338
00-0036264,11.48,11.121050570942106
00-0036264,12.0,11.92401519507742
00-0036264,3.4800000000000004,7.71819919722944
00-0036268,1.1,1.6810217165015238
00-0036275,3.0,3.332342125876249
00-0036275,8.2,9.647197609810904
00-0036275,6.2,5.630027679705984
00-0036275,29.5,26.631075013063143
00-0036275,20.0,18.84660982042477
00-0036275,21.9,22.17259981453151
00-0036275,18.9,18.46878528006156
00-0036275,14.2,14.494041610120624
00-0036275,7.5,7.289005112292073
00-0036275,16.4,15.9621127309178
00-0036275,9.5,8.928703127908404
00-0036275,9.4,8.194355368262572
00-0036275,5.0,6.529359835810476
00-0036275,9.9,9.869682239436735
00-0036275,8.3,8.14050836434381
00-0036275,12.1,12.29555958935143
00-0036275,12.5,13.945946821242448
00-0036297,0.3,0.3590215130464732
00-0036322,21.4,22.055939051498765
00-0036328,1.8,2.2574576845451118
00-0036328,11.3,10.194714528019434
00-0036328,6.7,7.378238823414556
00-0036328,10.9,7.726819446944857
00-0036328,6.6000000000000005,7.520483674295976
00-0036328,7.3,9.083119254797246
00-0036328,2.3,2.4719382649059995
00-0036328,0.7000000000000001,1.232138941298687
00-0036328,2.6,2.4129919289201727
00-0036328,3.0,3.4647022565713335
00-0036328,5.5,4.877949194000647
00-0036328,12.2,12.781973763995236
00-0036328,8.4,7.224271086281847
00-0036328,5.5,6.449486989945108
00-0036328,6.300000000000001,6.68592299431733
00-0036328,10.1,10.377506742343137
00-0036329,2.1,1.9640824573680007
00-0036331,0.3,0.2725525883771479
00-0036331,0.4,0.35842123051266467
00-0036331,0.3,0.36105762466546154
00-0036355,10.36,11.176874419372137
00-0036355,11.0,13.013114523011657
00-0036355,13.68,12.107864456090553
00-0036355,12.760000000000002,8.073623033800224
00-0036355,24.06,19.858959531959485
00-0036355,18.96,16.69161940726448
00-0036355,19.76,18.40086655399523
00-0036355,24.380000000000003,18.752716599866293
00-0036355,17.62,15.21836579328135
00-0036355,5.98,5.2065947995543205
00-0036355,13.72,11.98692055520143
00-0036355,20.16,19.419675139024836
00-0036355,24.44,25.21517668001149
00-0036355,26.04,22.129557195517332
00-0036358,13.6,16.046501846607256
00-0036358,23.6,23.53177215597972
00-0036358,11.4,11.98686917572899
00-0036358,16.1,15.683020854700924
00-0036358,14.2,18.03517614243904
00-0036358,8.4,11.383209514389199
00-0036358,18.6,15.294674850467308
00-0036358,16.8,21.685400563054316
00-0036358,21.4,19.763648220672746
00-0036360,5.0,4.507583731167126
00-0036360,5.0,4.385178696822186
00-0036370,0.2,0.29239055940673675
00-0036389,16.42,17.765049303578294
00-0036389,23.82,22.60932144178832
00-0036389,10.94,9.212595313489771
00-0036389,16.32,17.41277137805334
00-0036389,21.860000000000003,19.40241090638503
00-0036389,22.76,21.33298380986622
00-0036389,35.14,30.12755193291419
00-0036389,29.9,29.063177704389137
00-0036389,29.68,27.910215232240112
00-0036389,18.74,18.68165286234856
00-0036389,15.06,14.790923854163365
00-0036389,17.619999999999997,17.885428898039166
00-0036389,24.22,24.380693843182957
00-0036389,28.1,26.851731228189838
00-0036389,4.540000000000001,4.868430204082873
00-0036389,16.84,18.39350192449927
00-0036389,18.12,15.029697238779388
00-0036389,33.44,29.794846375390065
00-0036389,28.04,28.098733540984593
00-0036414,2.5,2.4244334227982756
00-0036414,9.9,9.718723503639177
00-0036414,5.300000000000001,5.851915046676558
00-0036414,12.7,13.997473556746202
00-0036414,7.300000000000001,7.0271645374112115
00-0036414,5.7,5.659538758115756
00-0036414,11.6,12.705734592343896
00-0036414,3.5,3.650440789374383
00-0036414,2.2,2.1248223868108664
00-0036414,3.7,3.897404631912591
00-0036414,8.4,9.420273396376798
00-0036414,0.3,0.39572949492932563
00-0036414,11.3,11.332766925660277
00-0036414,8.9,9.465082096156875
00-0036414,3.9,3.6358955796624652
00-0036425,0.2,0.2868375226888397
00-0036425,1.0,1.082308621971823
00-0036425,1.5,1.545423125074793
00-0036425,3.7,3.4686736397022755
00-0036442,6.0600000000000005,5.612852888166393
00-0036442,17.22,16.00454679076415
00-0036442,25.36,21.057124339941705
00-0036442,16.28,17.5179739329913
00-0036442,33.78,28.019117607168653
00-0036442,19.82,18.648657846511064
00-0036442,10.86,10.16200298821242
00-0036442,29.14,25.77663800302286
00-0036442,33.720000000000006,32.765542784954256
00-0036442,29.040000000000003,26.05798462316822
00-0036442,19.26,22.86652449320084
00-0036442,21.98,21.04887828851342
00-0036442,34.980000000000004,31.045766184093285
00-0036450,0.4,0.44015851393177496
00-0036527,0.2,0.2275315916314563
00-0036527,7.8,6.767417674192138
00-0036527,2.7,2.153623133250996
00-0036527,3.7,4.738033714270421
00-0036527,13.2,14.509207492932402
00-0036555,1.4,1.4533665253990609
00-0036555,11.6,11.869656140070648
00-0036555,27.9,24.83513352228485
00-0036555,22.1,21.722033883281473
00-0036555,17.5,18.53912010564345
00-0036555,15.3,15.551571049805911
00-0036555,11.2,10.777241455515336
00-0036555,9.1,8.694661573904263
00-0036555,21.2,21.53943425510848
00-0036555,24.9,25.273984236785232
00-0036555,13.0,13.683713795487192
00-0036555,2.3,2.7107433325270707
00-0036555,20.700000000000003,20.26018859659358
00-0036555,8.9,9.479002335528692
00-0036555,32.5,34.02012011551828
00-0036613,16.200000000000003,13.970187005975406
00-0036613,8.5,10.50736540935448
00-0036613,9.0,7.948271380291763
00-0036626,5.6,4.114240433966261
00-0036626,7.9,7.396381830101099
00-0036626,5.4,7.249158950205832
00-0036670,3.3000000000000003,2.9633820385564404
00-0036670,0.9,0.7381180002795603
00-0036849,12.5,14.87701209007026
00-0036875,21.6,23.64180016517819
00-0036875,17.0,17.648433244709132
00-0036875,0.3000000000000002,0.716762680531354
00-0036875,7.800000000000001,8.032561477003126
00-0036875,19.200000000000003,19.017113164436708
00-0036875,4.5,4.352112653887925
00-0036875,21.5,22.449502849827557
00-0036875,22.4,21.432515908198372
00-0036875,8.7,10.538872909731047
00-0036875,12.9,14.105202119672192
00-0036875,1.3,1.9515591864629611
00-0036875,12.4,11.572052503080265
00-0036875,9.5,9.176182138817103
00-0036875,12.3,11.946699092769666
00-0036875,0.1,0.1149752204613537
00-0036893,8.9,8.924871189568865
00-0036893,8.4,8.885746260330842
00-0036893,13.6,14.357705166391197
00-0036893,10.3,8.52868561929411
00-0036893,9.7,9.081629719269397
00-0036893,20.200000000000003,20.462205215315752
00-0036893,16.200000000000003,17.232944583960546
00-0036893,16.1,15.409107906698278
00-0036893,11.3,12.772943401563516
00-0036893,13.3,12.983213116044423
00-0036893,7.4,7.660196027616611
00-0036893,24.9,24.331592576038137
00-0036893,11.3,11.107209136052278
00-0036893,3.1,3.664940300440368
00-0036893,4.2,4.512938094503087
00-0036893,10.1,9.97118005983459
00-0036893,15.6,15.389972559689877
00-0036893,8.8,6.895541305933552
00-0036898,4.220000000000001,3.3391031422993684
00-0036900,17.6,22.5035411716674
00-0036900,45.1,37.64185803379767
00-0036900,22.4,20.84625443310287
00-0036906,0.4,0.35678691385344236
00-0036906,8.7,8.939875408766119
00-0036906,0.9,0.8865132931565846
00-0036906,1.4,1.2670488615553324
00-0036906,2.1,2.065057415119609
00-0036906,0.4,0.33394062653595374
00-0036906,2.3000000000000003,2.0660832726144718
00-0036906,15.3,14.277653071610645
00-0036912,28.0,27.966169151250977
00-0036913,0.3,0.32600983798373456
00-0036919,2.2,2.2808546674426635
00-0036919,0.6000000000000001,0.3012524959649345
00-0036919,0.9,0.7318441636405768
00-0036919,2.3000000000000003,2.2184995399891445
00-0036919,7.7,6.64969397353792
00-0036919,1.9,2.426685159515909
00-0036919,2.0,2.8151564236065374
00-0036919,4.9,4.365026693317382
00-0036919,5.9,5.608327131674101
00-0036919,8.2,8.999513580528268
00-0036919,5.300000000000001,4.738793460843852
00-0036919,9.0,7.9210108328918265
00-0036919,2.3,2.797020990656679
00-0036919,1.9,2.7460446092604562
00-0036919,4.300000000000001,4.448502934575751
00-0036919,1.4,1.401235754678725
00-0036919,3.0,2.5726332434556705
00-0036919,4.4,4.565581993426726
00-0036919,1.0,1.5587079338696161
00-0036924,9.8,10.184808203126714
00-0036924,10.1,10.240746539489784
00-0036924,15.9,17.973458913360986
00-0036945,11.94,10.099630127803428
00-0036945,11.38,12.313930384883687
00-0036945,18.4,19.17982231882057
00-0036945,29.980000000000004,25.882517725303476
00-0036945,14.1,15.647262031289959
00-0036945,23.7,21.831550619469652
00-0036945,1.7000000000000002,2.117049450733181
00-0036945,2.6,1.792007031445775
00-0036945,0.7000000000000001,0.7448420528531832
00-0036945,0.8,0.6324487626660827
00-0036963,10.3,10.899388661726563
00-0036971,11.28,9.823923277625706
00-0036971,13.3,10.598119865883497
00-0036971,9.420000000000002,9.176252170405238
00-0036971,15.74,16.64059291786798
00-0036971,19.24,16.83131214072184
00-0036971,15.06,17.326283471288516
00-0036971,13.02,11.701793343596544
00-0036971,23.32,23.539546350160208
00-0036971,15.56,18.78648274093413
00-0036971,0.2400000000000002,2.094969475302884
00-0036972,5.24,6.516772720818342
00-0036972,4.220000000000001,4.965085260771629
00-0036972,18.0,17.447347182745577
00-0036972,5.1000000000000005,5.933680353480194
00-0036972,18.66,22.006246466577387
00-0036972,17.16,16.614823718944322
00-0036972,12.7,13.143452976384488
00-0036973,11.9,10.624341385604021
00-0036973,14.8,16.810620880182103
00-0036973,12.5,11.2951046737927
00-0036973,7.0,5.745910360192196
00-0036973,12.0,13.155459270625919
00-0036973,5.0,5.070022935870693
00-0036973,5.3,5.57967629408884
00-0036973,6.300000000000001,6.792714818751287
00-0036973,8.8,9.091838023608224
00-0036973,11.0,9.108609490772794
00-0036973,12.5,13.219380917363512
00-0036973,5.7,5.956829761862669
00-0036973,8.5,7.6541848865972195
00-0036973,9.0,9.79574294993884
00-0036980,19.200000000000003,17.24656986601541
00-0036984,7.6,6.979708802052763
00-0036984,0.8,1.1755405097273355
00-0036984,18.3,16.675502199974968
00-0036984,2.9000000000000004,3.8198340537962325
00-0036984,5.9,4.718753325499088
00-0036984,2.3,2.522537954002971
00-0036984,3.2,3.165946881573637
00-0036984,2.5,2.507459701713643
00-0036997,3.3000000000000003,3.2467440712991866
00-0036997,11.5,10.692921015466238
00-0036997,6.100000000000001,6.368078649475972
00-0036997,10.0,10.815311946897852
00-0036997,16.1,13.907838050410124
00-0036997,4.6,5.134751635552324
00-0036997,26.1,26.667784514252777
00-0036997,9.2,10.391477682737847
00-0036997,10.4,6.890064320388615
00-0036997,2.7,3.7204593036035885
00-0036997,18.700000000000003,19.155678629848175
00-0036997,7.4,8.888896141208761
00-0036997,4.300000000000001,4.429980338428386
00-0036997,12.3,12.690518938267342
00-0036997,10.8,8.23676781601929
00-0036997,6.3,6.11440156716817
00-0037012,-1.46,0.8355149169290241
00-0037012,0.14,0.330617223349807
00-0037012,12.36,7.6733682967885475
00-0037077,-0.8400000000000001,2.1435448580499594
00-0037085,2.8,3.6264472769333334
00-0037085,7.0,7.111830276153472
00-0037085,0.8,0.8489281195311094
00-0037091,0.8,0.6960035486721795
00-0037091,4.300000000000001,4.716871391981734
00-0037091,0.5,0.5227440797011215
00-0037091,1.4,1.3155519050599715
00-0037091,0.1,0.11479684350043176
00-0037120,8.7,7.176788915954086
00-0037120,10.5,10.928757844962911
00-0037120,11.1,11.462796115584219
00-0037120,0.3,0.3603456210830014
00-0037120,2.2,2.1581573697806853
00-0037197,15.8,14.425720933037912
00-0037197,16.1,17.53974051978088
00-0037197,5.9,5.153286288551043
00-0037197,8.100000000000001,9.088041832534975
00-0037197,5.7,5.502191566777936
00-0037197,3.5,4.5041435523283235
00-0037197,1.8,2.1927162313308926
00-0037197,1.8,1.950723071281356
00-0037197,4.4,4.373331814639331
00-0037197,2.2,2.393209510443787
00-0037228,4.0,3.662730105587462
00-0037228,8.100000000000001,7.948080317478211
00-0037228,1.1,2.48675100261212
00-0037228,4.8,6.091341245026074
00-0037228,7.9,7.396402198136501
00-0037228,7.9,7.766754255045263
00-0037228,9.5,8.757833462650757
00-0037228,10.8,11.441319778679818
00-0037228,15.4,16.467171023058103
00-0037228,10.4,9.209925675373029
00-0037228,9.2,7.938343094245327
00-0037228,2.5,3.729885892252528
00-0037228,14.2,12.900870099646474
00-0037228,16.200000000000003,13.838012885675486
00-0037228,2.1,2.4666537274573885
00-0037228,6.5,7.6616197428546675
00-0037231,7.0,7.572323464791957
00-0037239,12.8,10.321778952867147
00-0037240,24.4,20.074244566659026
00-0037240,14.4,13.630718689163812
00-0037240,17.700000000000003,18.685309871894276
00-0037240,21.700000000000003,19.694467735409344
00-0037240,11.8,12.832098149086208
00-0037240,9.6,13.88376472153502
00-0037240,26.0,19.46043798825538
00-0037240,13.0,13.281876086336885
00-0037247,20.5,20.531983855750354
00-0037248,13.3,12.113173773521885
00-0037248,28.5,26.73742758692154
00-0037248,18.700000000000003,17.93488699995636
00-0037248,5.800000000000001,5.6197777352570535
00-0037248,17.9,18.47156635829718
00-0037248,9.2,9.590213016331917
00-0037248,28.3,26.72178885199046
00-0037248,11.9,12.783517396639946
00-0037248,15.5,15.393858566836842
00-0037248,19.7,21.182589548512134
00-0037248,19.0,17.689035040703068
00-0037248,4.9,4.714285916656183
00-0037248,26.3,24.039454010039393
00-0037248,27.6,28.609118398214537
00-0037248,11.3,12.062409106784385
00-0037248,8.8,9.045456403624128
00-0037248,18.0,19.626799082080005
00-0037248,11.2,11.34179069661206
00-0037248,28.4,25.4343108819493
00-0037253,0.5,0.40202602870358967
00-0037256,16.6,16.779058695837097
00-0037256,3.3000000000000003,5.040307682371874
00-0037256,8.5,10.31838578172136
00-0037256,10.4,8.77467536272693
00-0037256,9.6,11.61391765921472
00-0037256,29.1,30.030851540568133
00-0037256,15.7,16.479694839707758
00-0037256,12.5,14.521828138639723
00-0037256,19.0,19.89670563175253
00-0037256,11.7,11.44723752703524
00-0037256,8.8,9.18837406343147
00-0037256,24.9,25.66868753192616
00-0037256,14.1,15.894550586156102
00-0037256,11.0,12.118976802241141
00-0037256,4.4,4.288098803400136
00-0037256,3.5,3.4734306652684594
00-0037258,1.6,1.4034189292327797
00-0037258,14.7,13.433775770372172
00-0037258,0.2,0.31543722819172126
00-0037258,0.4,0.4784286587974583
00-0037258,0.2,0.27884589481533867
00-0037258,0.4,0.34907115146299744
00-0037258,1.3,1.3414250001785877
00-0037258,23.6,20.449014022599002
00-0037258,1.5,1.3331560630683224
00-0037258,1.0,0.4102194261120817
00-0037261,10.6,10.372104284300196
00-0037261,19.9,17.914244660885924
00-0037263,2.1,2.4526765618282846
00-0037263,7.5,6.8990552123970295
00-0037263,3.2,3.401731695702473
00-0037263,10.0,10.022615592549872
00-0037263,5.5,7.185560258437849
00-0037263,17.8,18.582614388049343
00-0037263,5.5,4.530162190216849
00-0037263,3.3000000000000003,3.619386940312553
00-0037263,7.8,8.260735190580165
00-0037263,5.9,5.8794541691381195
00-0037263,3.2,3.519421919638259
00-0037263,12.3,11.979929563176448
00-0037263,4.3,4.617755046474136
00-0037263,4.1,4.01290512340294
00-0037263,1.9,2.072785643423715
00-0037263,8.9,8.414893977001539
00-0037267,18.9,18.82900688403941
00-0037267,7.4,7.14317124918353
00-0037267,10.0,7.771473036046348
00-0037267,15.5,15.586353812369143
00-0037267,7.9,8.618032911825726
00-0037267,1.4,0.860670470807381
00-0037267,1.7000000000000002,2.0573305448787265
00-0037267,7.9,7.83333740383509
00-0037267,3.7,3.634195613192886
00-0037267,7.2,6.270504307875567
00-0037267,7.7,8.314337461129618
00-0037267,18.4,17.170328463901104
00-0037267,24.1,22.95456055188711
00-0037267,2.2,2.2403439944466137
00-0037276,7.2,7.495464253138577
00-0037276,8.200000000000001,8.469608664939718
00-0037276,1.3,1.7544129432455142
00-0037276,2.3,2.559649043046222
00-0037276,5.9,5.525514510801588
00-0037276,0.4,0.3703138289112604
00-0037276,1.8,1.848767267520975
00-0037276,0.2,0.23122184158957565
00-0037276,0.4,0.35040187888313595
00-0037276,0.7000000000000001,1.0542344854118137
00-0037291,12.4,13.471363754812637
00-0037324,0.5,0.1751364814677913
00-0037327,3.6,3.961268603691378
00-0037429,1.3,1.0528708755065141
00-0037429,2.0,2.055339472713647
00-0037429,4.7,3.9651640134556088
00-0037450,1.1,0.9991537282037227
00-0037487,0.9,0.6996895182641879
00-0037509,3.3000000000000003,3.6792808606007354
00-0037509,8.5,9.389797146330228
00-0037509,10.9,10.079982501550706
00-0037509,4.5,3.796464679278783
00-0037525,22.200000000000003,21.763182364455552
00-0037525,17.4,18.211380314367787
00-0037525,10.7,11.589055906736462
00-0037525,24.0,23.34189416741001
00-0037525,8.8,10.21628201934222
00-0037525,9.2,9.944153044137582
00-0037525,8.9,9.442476378020409
00-0037525,1.8,2.1381167899810087
00-0037525,0.5,0.6789544626586834
00-0037525,1.3,0.848330180678726
00-0037525,2.3,2.4719390233634857
00-0037525,7.800000000000001,7.093344031591588
00-0037545,20.9,19.25853006787919
00-0037545,17.700000000000003,17.34539821495261
00-0037545,2.3,3.5658848121173814
00-0037557,1.6,1.5585393798317508
00-0037557,0.9,0.8170707349056293
00-0037557,2.6,2.3529067767482736
00-0037557,12.2,10.849229891736732
00-0037557,0.8,0.9350250778034354
00-0037594,0.2,0.14153577180677848
00-0037594,3.4000000000000004,3.932621277519285
00-0037594,3.2,3.021119659061807
00-0037594,2.2,2.3548132636694996
00-0037594,1.5,1.8807139548974132
00-0037594,1.7000000000000002,1.479514409532223
00-0037594,1.1,0.9476255376111054
00-0037609,0.5,0.4688603530834958
00-0037609,1.4,1.4860907612417815
00-0037617,1.1,1.2068966605482565
00-0037617,0.5,0.45584322703206054
00-0037617,0.2,0.2907524971161706
00-0037617,6.4,5.146293749197165
00-0037617,0.1,0.09477334169613229
00-0037617,0.3,0.17883934292637096
00-0037617,5.0,5.343462808937221
00-0037617,9.3,10.300181688130383
00-0037617,0.5,0.5072473127353229
00-0037740,10.2,9.183882640277256
00-0037741,3.3000000000000003,2.8187438301014036
00-0037742,1.3,1.9403702900816997
00-0037744,12.7,15.504305102189212
00-0037745,2.9000000000000004,2.48860611878226
00-0037746,17.9,17.224593083541844
00-0037746,14.6,14.576007576886605
00-0037746,10.7,12.406437442790434
00-0037746,20.3,21.245990299354176
00-0037746,13.8,14.721420464580277
00-0037746,13.1,11.590701876927518
00-0037746,8.600000000000001,8.489436272907511
00-0037746,14.2,13.989980495086597
00-0037746,3.4000000000000004,3.0118779429881744
00-0037746,17.9,18.327064008835027
00-0037746,11.7,11.547741849834425
00-0037746,2.1000000000000005,1.3903853361695577
00-0037746,8.9,9.75518035415017
00-0037746,2.6,2.992656119275427
00-0037746,7.800000000000001,8.801868293534442
00-0037746,19.7,18.983858459832962
00-0037746,3.6,3.344176315794235
00-0037801,2.6,3.101300874457307
00-0037801,14.2,10.767216533213373
00-0037801,5.0,6.761054749145779
00-0037801,3.7,3.1990728956022862
00-0037801,9.5,9.17119283391684
00-0037801,4.1,4.4510938596686955
00-0037801,2.7,2.498917300188963
00-0037801,2.8,3.252100734477147
00-0037801,4.4,3.8137438610116035
00-0037801,8.8,7.857978096659025
00-0037809,10.9,11.50980068777976
00-0037827,0.7000000000000001,0.6788251330474787
00-0037834,10.34,7.925815493786716
00-0037834,13.959999999999996,11.538196041493526
00-0037834,24.9,22.587389684911454
00-0037834,14.62,12.62397454550702
00-0037834,13.06,14.375053287316014
00-0037834,24.1,22.02629251724361
00-0037834,17.18,20.67069814672367
00-0037834,26.0,23.8174597108081
00-0037834,23.82,19.65838714349978
00-0037834,18.36,18.858904662580937
00-0037834,2.16,3.8069995308560767
00-0037834,22.1,17.646445700509794
00-0037834,3.98,3.779263286603511
00-0037834,21.12,20.183647256672362
00-0037834,30.28,29.03608115557132
00-0037840,14.4,16.26242953540746
00-0037840,15.2,15.460847308906853
00-0037840,31.6,29.623989114727152
00-0037840,20.4,21.228535050995347
00-0037840,15.5,16.261705029368304
00-0037840,19.6,21.10850425064128
00-0037840,22.6,24.189888523460873
00-0037840,10.5,9.143648992616555
00-0037840,11.2,11.23725662732931
00-0037840,8.6,9.291385520233934
00-0037840,11.2,11.965346559419274
00-0037840,18.3,18.54329611419095
00-0037840,23.700000000000003,24.939314558053635
00-0037840,13.2,14.50054770109268
00-0037840,19.9,20.380149193014663
00-0037840,16.2,16.560091763921346
00-0037840,18.200000000000003,18.486384214665858
00-0037840,9.5,10.603118480589183
00-0038040,4.6000000000000005,5.381921157363061
00-0038040,6.800000000000001,7.124775067943807
00-0038040,3.4000000000000004,4.099275254238316
00-0038040,3.0,3.9339692747493977
00-0038040,3.7,3.0823753735040893
00-0038040,7.0,7.120469046973438
00-0038040,0.9,1.1170693324945118
00-0038046,15.6,13.695059764728086
00-0038098,5.0,4.726270841074507
00-0038098,0.2,0.2352779579496694
00-0038098,9.8,8.594229535241567
00-0038098,2.5,2.850065615285247
00-0038098,0.8,0.5685236655518935
00-0038098,0.5,0.4648733380768314
00-0038098,2.9,3.218891922073163
00-0038098,7.800000000000001,7.496970478514366
00-0038102,0.3,0.35599634016462595
00-0038102,9.02,8.23901208731252
00-0038102,16.02,12.539367134332972
00-0038108,7.000000000000001,9.473382912954424
00-0038117,11.8,11.872499312441498
00-0038117,16.0,18.573384033817902
00-0038120,18.3,19.13674441936692
00-0038120,24.4,26.16643118968062
00-0038120,18.3,18.449824329839082
00-0038120,3.8,4.204706903894861
00-0038120,6.7,7.227349835410088
00-0038120,21.9,18.30478459678347
00-0038120,26.1,22.720276403758092
00-0038120,9.9,12.534408114719914
00-0038120,10.5,12.634957111309339
00-0038120,12.3,11.083417433722369
00-0038120,31.1,29.147940180738622
00-0038120,4.0,4.744697910110826
00-0038120,13.1,12.982047667653712
00-0038120,14.0,13.560013631284644
00-0038120,6.300000000000001,5.6606685993518155
00-0038120,16.2,16.818803792972727
00-0038122,5.16,5.743165077357032
00-0038122,0.8600000000000003,1.2355979509865402
00-0038122,4.34,3.2190407563451235
00-0038122,11.12,10.382969163191374
00-0038123,1.0,0.8830586994533421
00-0038124,0.4,3.263544923918655
00-0038124,2.3000000000000003,3.9994710816778394
00-0038128,12.98,9.870313588906566
00-0038128,25.380000000000003,21.91098612877404
00-0038128,8.540000000000001,8.709151198046708
00-0038128,3.74,1.0008200595289558
00-0038134,18.9,20.053097622934203
00-0038134,33.6,31.268367398301724
00-0038134,14.6,14.64806746378158
00-0038134,20.9,25.58826744660409
00-0038134,23.3,22.316246942177223
00-0038134,8.5,7.753695119531005
00-0038134,13.7,13.891547346693486
00-0038134,13.9,14.297442211844576
00-0038134,13.3,12.229719824417343
00-0038134,6.6000000000000005,8.433994545741113
00-0038134,13.9,15.825905232428278
00-0038359,3.0,2.8205794022753046
00-0038359,0.6000000000000001,0.5793516537463425
00-0038396,2.5,2.2582645581169603
00-0038396,0.1,0.24782915359672544
00-0038396,6.4,4.284280899582469
00-0038396,1.3,1.3796134721283564
00-0038396,1.9,2.4223495532825146
00-0038396,2.0,1.878887045506582
00-0038400,18.86,16.060838843870595
00-0038454,5.800000000000001,5.039367406582851
00-0038454,1.0,1.4697413806900221
00-0038476,10.760000000000002,8.188711833336683
00-0038496,0.5,0.4415720709165726
00-0038542,16.1,15.289233197956753
00-0038542,16.200000000000003,18.045989625390998
00-0038542,13.2,14.1952508681778
00-0038542,11.4,9.592331451948166
00-0038542,10.7,11.284469308102498
00-0038542,25.5,27.0773339448253
00-0038542,23.3,20.77889608974757
00-0038542,23.6,26.17125736468543
00-0038542,21.5,22.076887887485697
00-0038542,29.4,28.828561449338498
00-0038542,10.3,10.802732271556664
00-0038542,25.5,26.29661303438038
00-0038542,18.1,19.846221528688996
00-0038542,14.5,14.441977654318276
00-0038542,24.3,26.52886619928782
00-0038542,24.8,25.369470640858875
00-0038542,31.3,33.59992010901309
00-0038543,21.8,27.184053982287356
00-0038543,11.9,8.654950708584796
00-0038543,19.6,17.649908731718718
00-0038543,24.0,23.0936003638612
00-0038543,5.3,7.308586646191305
00-0038544,2.3,3.40416083924805
00-0038544,22.0,18.70724858568203
00-0038550,1.78,1.4550400571454878
00-0038551,5.7,6.511082963824919
00-0038551,1.6,1.377159162151012
00-0038551,9.2,9.877658653960937
00-0038551,4.6000000000000005,4.649991023810142
00-0038551,5.1,4.608441954538782
00-0038551,2.9000000000000004,2.7287551467914266
00-0038555,7.300000000000001,7.075972239964652
00-0038555,0.9,0.7582797885348604
00-0038555,9.0,7.647778841595781
00-0038555,25.9,24.052658063456498
00-0038555,2.4000000000000004,2.0812972821123474
00-0038555,23.8,24.880424590102436
00-0038555,10.6,11.03297328102569
00-0038555,2.2,1.7387858418462792
00-0038555,0.4,0.49438605579262945
00-0038555,4.5,4.053433118671907
00-0038555,13.2,13.00816261871414
00-0038555,4.2,4.7263966015519765
00-0038555,10.1,10.341630627179489
00-0038555,3.3000000000000003,3.815550250606486
00-0038555,11.2,11.809114257835276
00-0038559,6.9,7.847910960129534
00-0038563,15.4,17.309912403882826
00-0038563,4.6,4.821216973882925
00-0038563,7.7,7.087627593795035
00-0038563,5.300000000000001,4.826989937341457
00-0038563,6.5,6.235086407722268
00-0038563,13.9,13.867401364078699
00-0038563,10.9,11.851738241857943
00-0038573,0.9,0.8361944613143553
00-0038573,0.8,0.7200301093692132
00-0038573,3.2,3.098714445156703
00-0038573,3.3000000000000003,2.558340107594083
00-0038573,3.0,2.4464142401437923
00-0038573,1.6,1.7743564467795037
00-0038579,6.76,10.220034576981496
00-0038579,11.48,9.085629825821009
00-0038579,15.860000000000005,17.398130997105575
00-0038582,0.2,0.4131765241582021
00-0038582,0.2,0.2686021667291187
00-0038583,3.6800000000000006,5.463080708458725
00-0038583,0.32,2.115595790504337
00-0038583,7.180000000000001,9.445218344845916
00-0038583,3.8,5.562690660141648
00-0038583,0.8200000000000001,1.0898653614312845
00-0038597,5.300000000000001,6.453095036892878
00-0038597,3.1,3.2677755096532715
00-0038597,8.9,9.117487137329695
00-0038597,23.200000000000003,21.881933666341535
00-0038597,14.4,16.11320704664803
00-0038597,14.4,13.082110676884719
00-0038597,7.300000000000001,7.5066471681176985
00-0038597,11.4,11.9398902195654
00-0038597,26.700000000000003,24.19447848281108
00-0038597,22.4,23.415767702981803
00-0038597,19.3,17.856708495154248
00-0038597,19.0,18.08518859581982
00-0038597,24.3,24.035473550414903
00-0038597,26.3,28.525627877807423
00-0038597,13.9,13.382772186884889
00-0038597,13.1,12.386028265706308
00-0038611,5.2,5.137147398613534
00-0038611,0.4,0.19604885941744357
00-0038611,15.4,14.670784866257359
00-0038611,0.2,0.3334236510136703
00-0038611,0.5,0.6240496175543783
00-0038611,9.8,8.624767894790375
00-0038621,14.8,11.559429775016886
00-0038621,11.3,12.115136861596326
00-0038621,7.9,7.169251977377991
00-0038622,0.4,0.35349856525877876
00-0038622,2.7,2.843444211421758
00-0038622,2.3,2.1764078568951577
00-0038622,2.7,2.904843957882408
00-0038622,3.7,3.8033312957731065
00-0038636,1.1,1.0218025686290992
00-0038636,0.5,0.44942348041521435
00-0038636,6.5,6.415099618962714
00-0038636,0.9,0.8387520323849299
00-0038636,3.9,3.457343754485942
00-0038636,4.6000000000000005,4.45506626167405
00-0038636,4.9,4.811671696571743
00-0038678,1.1,1.0989168048973301
00-0038678,3.8,3.3813521723134654
00-0038678,4.800000000000001,3.5752733923255566
00-0038678,2.4000000000000004,3.282578767111397
00-0038678,0.3,0.4288263452549015
00-0038678,8.2,8.466825678760712
00-0038678,5.5,6.021249743147936
00-0038685,0.3,0.61666786774416
00-0038685,2.1,2.032536908058818
00-0038685,2.7,3.1408769337429234
00-0038685,7.1000000000000005,6.41314015600573
00-0038685,3.6,3.5665235950540906
00-0038685,4.9,6.031762070554024
00-0038685,0.3,0.39203119077378723
00-0038685,2.5,2.1375166170631115
00-0038685,9.5,10.311667667368784
00-0038685,5.9,5.679678857426546
00-0038705,4.6000000000000005,3.7928442230945896
00-0038705,0.7000000000000001,0.6447031081076682
00-0038705,3.4000000000000004,3.897913760166161
00-0038705,11.4,9.212933203962763
00-0038705,1.4,1.2913031105106325
00-0038705,16.0,14.550159938884924
00-0038705,2.2,2.081722405156217
00-0038705,1.4,1.2333909905651856
00-0038705,2.5,2.5421038161901532
00-0038738,4.2,5.6035828042483855
00-0038738,3.4000000000000004,3.360170225925537
00-0038738,2.9,3.478024677076601
00-0038738,0.4,0.44919546193993515
00-0038738,1.5,1.3961040166657064
00-0038794,5.800000000000001,6.391613228743009
00-0038794,0.6000000000000001,0.46454391597122097
00-0038794,8.4,8.591112486804981
00-0038794,5.6000000000000005,5.8293924936733745
00-0038794,11.5,14.194151720257004
00-0038794,4.5,3.6027299645237267
00-0038794,3.5,3.3196492009765457
00-0038794,12.6,12.101062387092876
00-0038794,5.0,6.300881893540655
00-0038794,1.2000000000000002,1.1036759881944294
00-0038794,1.9,2.013396931081678
00-0038794,4.4,4.246896839778045
00-0038794,9.4,9.001726190212677
00-0038794,6.4,7.019585772460123
00-0038794,9.6,9.703956506864063
00-0038794,6.800000000000001,7.756342634181747
00-0038797,6.800000000000001,7.224648303779826
00-0038797,0.9,1.3897597962482842
00-0038797,16.5,16.47265459723631
00-0038797,2.7,2.8544856388588014
00-0038797,2.5,4.153983232247545
00-0038797,8.3,6.589157023271938
00-0038797,1.1,1.5727087194259555
00-0038797,2.3,4.241814571466881
00-0038797,9.9,10.174182260166322
00-0038797,1.7000000000000002,1.4609815332192084
00-0038797,4.1000000000000005,4.569187683946247
00-0038797,2.0,1.967872446464348
00-0038797,0.7000000000000001,0.6867111602131283
00-0038797,0.9,0.9908478894717567
00-0038797,12.6,12.157565329630877
00-0038797,8.9,9.206900490293577
00-0038797,14.1,13.953685565707021
00-0038797,3.9,2.4355040561027703
00-0038951,0.4,0.30594719539438403
00-0038951,2.7,1.9593079728264862
00-0038951,34.2,29.377992401164494
00-0038951,4.800000000000001,5.575126539401007
00-0038951,2.5,3.2927743528416435
00-0038951,2.7,3.2090761985061973
00-0038951,8.0,8.68978238961943
00-0038951,4.7,3.8869931391587844
00-0038951,1.7000000000000002,2.0414011897390765
00-0038951,5.4,5.793297083738105
00-0038951,1.6,1.3367519060565938
00-0038976,3.4000000000000004,3.3156074680235568
00-0038976,7.0,7.613817898352264
00-0038976,13.3,11.090221711399856
00-0038976,19.9,16.31025607813389
00-0038976,9.5,8.016781741257592
00-0038976,3.3,5.066170549208115
00-0038977,8.9,8.355829080845869
00-0038977,2.3,3.6629857494823854
00-0038977,9.8,9.428320583106979
00-0038977,6.1000000000000005,6.507251151889098
00-0038994,22.9,22.230216164688542
00-0038994,16.1,17.300412259029617
00-0038994,4.9,3.9460544278602776
00-0038996,3.5,4.020626397846837
00-0038996,7.6,8.34766246562242
00-0038996,9.5,7.666027740772475
00-0038996,8.6,11.676898847994726
00-0038998,1.7800000000000002,1.5326957031017074
00-0038998,5.88,4.6835034635079
00-0038998,0.66,1.75231607289331
00-0039021,10.2,9.939610040198481
00-0039021,8.6,9.25739148349927
00-0039021,14.5,14.62662123352896
00-0039021,5.300000000000001,4.1463807668448895
00-0039021,6.6,6.640519649785311
00-0039021,4.1,4.49394714940363
00-0039021,11.1,11.202160174535637
00-0039021,8.2,7.882662555598189
00-0039021,0.3,0.22182311869603555
00-0039021,0.5,0.6288585995559632
00-0039021,6.9,7.25666558357343
00-0039032,7.2,7.8925093787371505
00-0039032,5.1,4.607731216693566
00-0039032,10.1,7.878568658960742
00-0039032,11.9,13.768198232261842
00-0039032,2.7,2.039068014470964
00-0039032,8.100000000000001,8.447645803229038
00-0039032,0.3,0.3591880316144748
00-0039032,3.3000000000000003,3.480203344264897
00-0039032,27.200000000000003,21.551068902899093
00-0039032,21.6,20.23403362341868
00-0039032,13.3,14.403201302734432
00-0039040,23.0,21.314744250017544
00-0039040,29.5,28.227301807361318
00-0039040,8.8,9.659644077865398
00-0039040,5.9,7.388461883378189
00-0039040,2.7,3.4436465233334963
00-0039040,10.5,10.263229615571106
00-0039040,26.700000000000003,25.655595474693516
00-0039040,32.1,35.707844692346555
00-0039040,10.2,14.61762092193762
00-0039040,20.5,19.907112285271364
00-0039040,20.6,22.021005601379333
00-0039040,21.0,21.229752107158948
00-0039040,18.9,19.438215659386646
00-0039040,14.6,15.094805418504722
00-0039040,31.0,28.044758641605576
00-0039040,5.800000000000001,5.3193402655788296
00-0039040,18.1,18.934160156081546
00-0039062,4.3,2.0235344657675287
00-0039062,5.0,6.278643134319712
00-0039064,11.1,13.9479046782086
00-0039064,5.300000000000001,6.39280127078791
00-0039064,19.0,15.861622926660997
00-0039064,22.4,23.751433046447357
00-0039064,4.0,6.405806866787211
00-0039064,15.3,14.221618913210596
00-0039064,3.1,4.325137057132119
00-0039067,29.1,30.701123061752565
00-0039075,8.2,9.74667027536542
00-0039075,18.1,15.842273210257776
00-0039075,17.3,18.61051944171732
00-0039075,41.8,39.214956029867295
00-0039075,17.8,15.97917282694198
00-0039075,10.1,11.50668277785975
00-0039139,17.4,17.668214086136235
00-0039139,17.6,18.946705160677894
00-0039139,8.3,9.039644396507494
00-0039139,19.8,20.798151820237326
00-0039139,12.1,11.198707006699395
00-0039139,32.0,29.95550629108311
00-0039139,20.3,20.061051749498887
00-0039139,14.6,15.181947572056238
00-0039139,12.8,12.092247617677458
00-0039139,19.3,15.799224470847424
00-0039139,24.9,27.752895251981045
00-0039139,10.4,10.86777436355551
00-0039139,19.3,20.669466718422125
00-0039139,26.3,24.156380168389713
00-0039139,25.4,22.84859059181061
00-0039139,26.3,24.880490939689782
00-0039139,46.0,43.81529331426035
00-0039139,35.5,34.11603566470813
00-0039146,33.1,26.723891939832736
00-0039146,6.6000000000000005,7.558123936614444
00-0039146,10.9,12.055117406229002
00-0039146,27.1,24.11792883713668
00-0039146,13.7,12.36494264216502
00-0039146,19.7,21.024945225540765
00-0039146,11.1,11.361681862600888
00-0039146,11.1,7.756684438920593
00-0039146,5.1000000000000005,3.931002662996961
00-0039150,9.64,11.013192462170379
00-0039150,1.96,2.8536409515434644
00-0039150,3.12,2.5384826306564623
00-0039150,13.56,13.865724927597507
00-0039150,9.74,12.241957916923406
00-0039150,10.04,10.902744998676276
00-0039150,16.52,14.421238553018418
00-0039150,23.62,22.80912920334811
00-0039150,12.54,13.070478274366373
00-0039150,11.96,15.159375982059565
00-0039150,27.12,25.0608950312665
00-0039150,16.92,15.59654818916025
00-0039150,36.44,32.13642702290568
00-0039152,6.68,9.065372698426351
00-0039152,11.48,10.302704869287576
00-0039152,13.599999999999998,17.12472843338092
00-0039152,-0.5,1.0723011352694831
00-0039152,7.46,8.533425094576186
00-0039152,19.1,17.0001389123348
00-0039152,15.6,16.458621052554342
00-0039152,16.12,17.96188177108579
00-0039152,7.02,7.436881236211665
00-0039152,9.8,6.933237238176648
00-0039163,18.66,18.294325735109048
00-0039163,9.8,11.430597324633887
00-0039163,23.5,19.8024936600775
00-0039163,15.94,15.037847457882064
00-0039163,18.38,21.36627477817361
00-0039163,5.34,8.544695113378326
00-0039163,11.54,10.671748997838916
00-0039163,9.78,11.359615535746634
00-0039163,10.88,9.699472444387567
00-0039163,15.680000000000003,15.069831919214087
00-0039163,14.38,12.91763989276438
00-0039163,11.64,15.496768516217424
00-0039163,16.06,16.338275938436258
00-0039163,6.1000000000000005,6.907043499467308
00-0039163,15.48,14.217578539110532
00-0039163,14.0,8.590101517531991
00-0039164,26.08,23.680210416442915
00-0039164,9.86,13.263951394152674
00-0039164,5.08,7.82971911628309
00-0039164,5.24,2.859033911688171
00-0039164,8.760000000000002,8.865842542910483
00-0039164,11.5,11.660796722558466
00-0039164,28.08,25.275618821645295
00-0039164,12.98,11.417918956473047
00-0039164,19.16,23.999010776446088
00-0039164,12.38,14.609603430030607
00-0039164,20.24,19.932696817192472
00-0039165,12.1,12.296227472019389
00-0039165,17.9,19.069250149534902
00-0039165,25.700000000000003,26.522732527802418
00-0039165,8.8,9.751039716335944
00-0039165,6.0,5.67355712199361
00-0039165,4.5,3.784681661411178
00-0039165,1.9,3.2690155075128913
00-0039165,11.4,10.79945126613759
00-0039165,5.300000000000001,4.156204056245678
00-0039165,2.5,3.6444478936798204
00-0039165,2.2,2.172261770111857
00-0039165,12.1,10.508637792375243
00-0039165,38.3,34.54063603965406
00-0039165,13.6,12.22587616416451
00-0039165,10.6,10.92442528948237
00-0039165,5.9,6.669759272089987
00-0039244,0.6000000000000001,0.6025678491732352
00-0039244,1.2,1.958227863905948
00-0039299,1.0,0.7548366798282485
00-0039325,0.3,0.47593742802132677
00-0039325,0.4000000000000003,0.6619381834173383
00-0039325,8.4,7.478634776096753
00-0039325,-0.3999999999999999,0.5141529177336144
00-0039325,1.2000000000000002,1.6831343092521625
00-0039325,1.7000000000000002,1.8541255982652523
00-0039325,2.4000000000000004,2.105019103534695
00-0039325,0.9,0.8930531550570715
00-0039325,0.3,0.35024208205194834
00-0039325,1.7000000000000002,1.7783363175744205
00-0039325,2.3,1.922213103881174
00-0039325,4.7,4.8174437810369
00-0039337,28.200000000000003,33.27637573380383
00-0039337,15.3,14.203883665489142
00-0039338,5.1,5.128770955019112
00-0039338,30.200000000000003,31.808542902911476
00-0039338,8.2,7.367888744294092
00-0039342,19.6,19.84978063500662
00-0039342,2.9,3.637058933330598
00-0039342,13.9,14.662015866972949
00-0039342,2.9,4.907297148849888
00-0039344,0.7000000000000001,0.6101377111724867
00-0039344,7.1000000000000005,7.255699398512764
00-0039361,9.6,10.218413622418776
00-0039361,2.2,2.5194698657727512
00-0039361,11.4,11.507906688949138
00-0039361,12.5,13.052716537535423
00-0039361,5.6000000000000005,4.58997493405933
00-0039361,18.5,16.653661515080444
00-0039361,16.7,16.108136091332693
00-0039361,15.4,16.247814585626926
00-0039361,6.4,7.3449974170358105
00-0039361,17.700000000000003,18.21841054588614
00-0039361,27.200000000000003,25.225445300138734
00-0039361,27.5,26.2912609697775
00-0039361,2.8,5.807044315955407
00-0039361,13.3,14.533802187476047
00-0039361,18.200000000000003,17.979730714291925
00-0039361,23.0,18.72891695916258
00-0039361,16.4,18.753329718295575
00-0039361,16.3,18.621506224327394
00-0039363,1.9,2.0237758622314117
00-0039363,2.2,2.1320964441850823
00-0039363,9.9,7.958191429515298
00-0039363,1.7000000000000002,2.0009625086785676
00-0039363,19.200000000000003,18.447147208864603
00-0039363,8.6,9.400163531853902
00-0039363,26.8,21.833411093929495
00-0039363,11.5,12.632254602978259
00-0039363,13.9,11.481211805075898
00-0039363,0.5,0.8970589557790131
00-0039364,0.5,0.5706105731684666
00-0039364,0.9,1.3805657874535844
00-0039365,5.7,5.864478410838027
00-0039373,1.4,1.149902023787885
00-0039373,1.3,0.9039789444946953
00-0039373,0.9000000000000004,1.1004056929224235
00-0039373,0.4,0.3687805996427914
00-0039373,3.5,3.304347950228296
00-0039373,5.300000000000001,5.444974738864114
00-0039373,5.5,6.665169358306854
00-0039373,1.5,1.5908277894093312
00-0039373,1.2000000000000002,1.2192659746898236
00-0039373,2.8,2.7713058576533554
00-0039373,10.8,10.812373893684857
00-0039373,4.7,3.959480166767374
00-0039373,9.4,10.640771305479703
00-0039376,10.420000000000002,12.883922437566866
00-0039376,6.280000000000001,4.848049736618612
00-0039376,4.92,4.411753317484066
00-0039376,13.32,13.162414214144034
00-0039376,14.7,13.226204968645757
00-0039384,1.7000000000000002,1.8292557917436683
00-0039384,0.2,0.4026077075394191
00-0039384,6.0,5.254229163787696
00-0039384,3.1,2.6643033661294484
00-0039384,14.0,13.460893531797584
00-0039384,22.700000000000003,23.04827387534633
00-0039384,6.2,6.4531125867316455
00-0039384,23.0,24.195918234348007
00-0039384,7.9,7.891759673849415
00-0039384,15.4,16.082036390762518
00-0039384,9.0,7.519912271309812
00-0039384,14.5,12.783452893904505
00-0039384,19.3,19.99057372174463
00-0039384,4.5,5.1092138328770975
00-0039384,16.9,17.357438557079888
00-0039384,9.3,11.067511493059856
00-0039384,8.600000000000001,9.637110589823006
00-0039391,13.1,15.564655062501279
00-0039391,2.9000000000000004,3.690706213660265
00-0039391,1.6,1.9946002544435597
00-0039391,0.7000000000000001,1.0000454543441812
00-0039391,2.0,1.8080483297614636
00-0039391,3.4000000000000004,3.2753562987391764
00-0039391,4.2,4.00482441125297
00-0039391,2.4000000000000004,2.6629138608964067
00-0039391,2.4000000000000004,2.6664025827705804
00-0039393,1.7000000000000002,1.8938620714795245
00-0039393,1.5,1.805866725866901
00-0039398,19.24,18.06948970036995
00-0039573,3.3000000000000003,3.445759658801644
00-0039589,1.1,0.9781069555094976
00-0039603,0.2,0.21423203792842513
00-0039611,1.1,1.0136539962398572
00-0039617,4.9,4.681511805214124
00-0039692,0.2,0.2490293917334503
00-0039703,1.9,2.0143477908958984
00-0039732,9.02,11.988870652457633
00-0039732,8.26,7.961672445408063
00-0039732,19.34,17.36445009828288
00-0039732,4.7,7.651612981023878
00-0039732,23.14,23.763848111792367
00-0039732,20.74,18.53226022310156
00-0039732,14.06,13.656747385216702
00-0039732,25.76,29.074751950375326
00-0039732,17.72,17.787085796514003
00-0039732,28.78,28.78480534107637
00-0039732,19.42,16.601123765878118
00-0039732,12.16,14.85164462267766
00-0039732,13.5,21.506326528261642
00-0039732,21.02,20.228048046282105
00-0039732,21.86,22.633786019608454
00-0039732,33.54,33.53852780544175
00-0039732,14.06,14.588772540045442
00-0039738,2.8000000000000003,2.892726282406721
00-0039738,4.300000000000001,3.8542274112408452
00-0039738,1.1,1.2308785511688096
00-0039738,2.8,2.929879609415233
00-0039738,2.5,2.322599480271558
00-0039738,3.8,3.6553674657954884
00-0039738,0.5,0.45799201712867743
00-0039738,4.2,4.371680323415074
00-0039738,3.4000000000000004,3.4841488647964667
00-0039738,4.0,4.317349947904057
00-0039738,1.4,1.8360744925865085
00-0039738,3.2,2.7557048167035956
00-0039746,1.5,1.4677935000450102
00-0039746,3.4000000000000004,3.340309354332613
00-0039746,0.4,0.3746432512857983
00-0039746,10.7,9.595030587078103
00-0039746,13.7,12.546039901231701
00-0039747,1.2,1.602053730455179
00-0039747,13.9,12.857183388444847
00-0039751,12.8,9.185165924320115
00-0039757,1.3,1.3969275926279732
00-0039757,2.0,2.101902174616777
00-0039794,2.7,2.683898744808103
00-0039794,19.6,18.468268868978097
00-0039794,9.8,10.400589200026024
00-0039794,5.6000000000000005,4.628466390029469
00-0039794,3.8,3.169304677248321
00-0039794,0.8,0.9625719420595862
00-0039794,1.6,2.1561972149032576
00-0039794,9.2,9.748097518624089
00-0039794,0.9,1.068943759329006
00-0039794,4.4,3.7129306780385236
00-0039794,0.6000000000000001,0.45560856684485773
00-0039794,4.7,4.581326764160352
00-0039794,12.1,11.520007803809062
00-0039794,0.5,0.9626480037331522
00-0039794,2.0,2.4950619050893015
00-0039794,2.6,2.3750428576453197
00-0039794,4.300000000000001,4.422542785767858
00-0039796,3.2,3.3468835926142964
00-0039796,0.2,0.30028227631462373
00-0039798,0.6000000000000001,0.5974970499666108
00-0039798,1.2000000000000002,0.9782993746962388
00-0039798,12.2,10.520676312982584
00-0039798,15.7,15.420205116286485
00-0039798,3.6,4.053061423856578
00-0039798,1.2000000000000002,0.8556864111949412
00-0039798,5.3,5.114593875946495
00-0039798,4.1000000000000005,3.962858909204738
00-0039811,2.8,3.0224828273797204
00-0039825,0.1,0.2830267347936008
00-0039851,2.08,1.813698420901452
00-0039851,17.52,16.582740052755792
00-0039851,20.84,19.031895332824607
00-0039851,11.52,11.328685322545581
00-0039851,15.740000000000002,18.372166090519393
00-0039851,11.76,12.272637322560032
00-0039851,17.98,17.378520697885904
00-0039851,11.48,12.153329022539777
00-0039851,17.42,17.205889217471018
00-0039851,17.48,19.773402984703164
00-0039851,17.4,19.539210529664228
00-0039851,9.88,9.887834790989729
00-0039855,5.6,5.104361617048823
00-0039855,9.2,8.119636640411366
00-0039855,23.0,26.04941010759056
00-0039855,19.0,16.836950953686692
00-0039868,11.6,8.59371954815113
00-0039868,1.9,2.6072038649413782
00-0039874,0.4,0.8245510303546404
00-0039874,1.7000000000000002,1.4806550689761895
00-0039874,3.2,3.1238726684817038
00-0039874,8.6,7.8239115708477005
00-0039874,3.3000000000000003,3.7330178596003303
00-0039874,1.8,1.8307600633690146
00-0039874,1.8,1.962101700330296
00-0039874,0.3,0.7712913023391449
00-0039874,1.6,2.140193055859135
00-0039874,0.8000000000000003,0.6928655609285933
00-0039874,3.3,3.4512872133359345
00-0039874,0.3,0.2834039588258804
00-0039875,3.7,3.650761007279199
00-0039875,3.8,4.9927198246300275
00-0039875,9.3,10.109543754840137
00-0039875,1.1,1.6484611110624272
00-0039875,18.200000000000003,14.276227164963418
00-0039875,11.7,13.135690267341227
00-0039875,2.9000000000000004,3.1869356804304387
00-0039875,17.0,15.7574586137333
00-0039875,0.6000000000000001,1.2009959204186886
00-0039875,1.1,2.1453762982057762
00-0039875,13.7,12.864441672790477
00-0039875,10.9,11.737989978800515
00-0039875,3.9,2.7864347089984585
00-0039875,2.3,3.5396715855285485
00-0039875,14.5,15.39114850674202
00-0039875,0.3,0.5028297474431452
00-0039875,8.9,9.337680827273354
00-0039875,0.4,0.3186585107552903
00-0039880,0.9,0.7931254234970695
00-0039880,10.5,8.866682071742888
00-0039880,4.8,5.7890751651410355
00-0039880,1.3,1.8070680566515778
00-0039890,1.0,0.9542266753775593
00-0039890,9.16,7.117359377348424
00-0039890,4.5,3.8582348514634974
00-0039893,21.9,23.867964998478477
00-0039893,20.1,17.517262560949618
00-0039893,13.6,11.875608358261056
00-0039893,18.700000000000003,18.41100369386261
00-0039893,23.9,22.869563955690786
00-0039894,20.8,21.95081662910852
00-0039894,4.2,4.623615296886966
00-0039894,5.0,5.223819088788319
00-0039894,11.8,14.42145527855254
00-0039894,5.4,7.188302697731955
00-0039894,16.8,13.811658462629207
00-0039894,9.1,8.762888688205992
00-0039894,9.6,10.266378749118017
00-0039894,19.6,20.539520230022138
00-0039894,20.5,21.78359852018663
00-0039894,22.9,22.00272836215589
00-0039894,22.1,22.23970665328049
00-0039901,6.0,5.063385796525947
00-0039910,28.16,29.18725472175338
00-0039910,13.44,11.58362487474854
00-0039910,28.06,27.752362541265963
00-0039910,22.02,22.76835022611453
00-0039910,19.72,18.60654625553979
00-0039910,20.96,17.49856314111048
00-0039910,5.24,5.507851210937043
00-0039910,22.24,18.996465262451895
00-0039910,19.86,18.829592059443545
00-0039910,8.58,8.278574725913742
00-0039910,11.44,14.504404583248983
00-0039910,26.4,26.56343458469211
00-0039910,27.64,32.42628705828311
00-0039910,23.64,24.741308137548813
00-0039910,32.42,32.304845766362206
00-0039910,31.78,32.098794120551275
00-0039910,4.220000000000001,9.004956246035833
00-0039910,22.32,21.83868638067614
00-0039910,25.06,22.61843394362563
00-0039910,19.0,20.271624910415458
00-0039916,11.7,11.730962365181558
00-0039916,28.700000000000003,25.341091898350836
00-0039917,6.38,5.831665987354114
00-0039917,11.22,11.261402437849606
00-0039917,24.98,22.569303583676525
00-0039918,5.220000000000001,5.684789110150305
00-0039918,7.36,10.266159588203548
00-0039918,17.32,18.351907108127687
00-0039918,11.48,13.650824748008896
00-0039918,23.56,22.737757488127944
00-0039918,28.64,30.207734160268537
00-0039918,7.940000000000001,10.002754756036202
00-0039918,9.18,9.102790233931746
00-0039918,6.3,5.049068312993513
00-0039918,16.240000000000002,13.26464683154362
00-0039918,24.9,23.994251206638985
00-0039918,26.14,27.960624082418736
00-0039918,14.06,16.19462893091079
00-0039918,9.94,11.122086057698
00-0039918,20.76,16.79379605808683
00-0039918,6.58,9.358082826147145
00-0039918,8.92,9.732255575314852
00-0039919,23.4,20.008190689375134
00-0039919,8.4,7.990993426190894
00-0039920,-0.1999999999999999,-0.33234941557941416
00-0039920,0.8,0.8745486035944644
00-0039921,2.8,2.902298202846057
00-0039921,2.7,3.4155352042917406
00-0039921,0.8,0.6232728574059301
00-0039921,5.0,4.70022744811795
00-0039921,2.6,2.6424681867096944
00-0039921,1.0,1.0608808717375242
00-0039921,12.5,11.657496149620705
00-0039921,10.7,10.6934642970628
00-0039921,1.8,1.445726472586474
00-0039921,2.0,2.070349862727347
00-0039921,2.9000000000000004,3.0632174773787555
00-0039921,2.2,2.274670656518774
