player_id,actual_receiving_yards,predicted_receiving_yards
00-0023459,15.14,13.998725106480627
00-0023459,21.040000000000003,20.458965404542816
00-0023459,9.6,8.266896930926778
00-0023459,16.06,15.427917331874454
00-0023459,14.0,15.322757877164976
00-0023459,28.06,25.55302662996506
00-0023459,12.84,11.870019422070767
00-0026158,15.02,14.134546443523849
00-0026158,26.56,24.382998917686272
00-0026158,13.66,15.353581478204097
00-0026158,15.300000000000004,16.892596576713107
00-0026300,0.2,0.9737752204899842
00-0026498,19.22,16.446940151920675
00-0026498,15.62,16.1780909478185
00-0026498,8.200000000000001,7.314578487636177
00-0026498,9.16,7.287406296672191
00-0026498,19.46,17.057780489038596
00-0027973,15.7,15.345259171786982
00-0027973,-0.2599999999999998,1.3965238868009862
00-0027973,14.94,16.07505262323911
00-0027973,0.0200000000000002,1.8531688213681021
00-0028118,6.14,6.760923248849325
00-0028118,11.92,13.578110446055353
00-0029263,24.860000000000003,24.10766172996956
00-0029263,13.82,13.505974396277875
00-0029263,18.1,20.205907503535812
00-0029263,6.299999999999999,7.050339746139736
00-0029263,13.8,13.635279168937183
00-0029263,26.86,26.60358431047894
00-0029263,16.02,16.8447664475247
00-0029263,8.420000000000002,8.381928435677926
00-0029263,15.38,15.674421999271082
00-0029263,15.7,15.402268387522518
00-0029263,11.52,9.845387898250298
00-0029263,19.4,18.116514578034575
00-0029604,28.64,27.152600271759216
00-0029604,2.1000000000000005,7.8631432301573945
00-0029892,10.6,9.278028994143224
00-0029892,1.4,0.9153670402104996
00-0029892,1.7000000000000002,1.6216674292864817
00-0029892,3.6,1.814039985956808
00-0030506,1.6,2.348894083760437
00-0030565,17.84,18.5608498207538
00-0030565,17.88,15.489125730928297
00-0030565,18.96,16.933369972690375
00-0030565,20.56,16.779991317281965
00-0030565,17.78,15.394590727887175
00-0030565,8.08,8.663669209164928
00-0030565,22.12,24.209149778309186
00-0030565,15.74,15.970386139213076
00-0030565,12.36,13.169106490162255
00-0030565,12.44,10.834088470369284
00-0030565,4.46,4.36332198207679
00-0030565,21.360000000000003,21.608169312228533
00-0030565,6.300000000000001,5.28709380752124
00-0030565,25.04,22.515220457371587
00-0030578,1.3,2.457423377755617
00-0030578,0.3,0.6039348743539091
00-0030578,7.800000000000001,4.873568862596942
00-0030578,8.2,8.117503959435517
00-0030578,1.4,3.715193260235394
00-0030578,8.3,5.1321243666794345
00-0030578,-0.8999999999999999,1.8144884212394798
00-0030578,1.8,3.2612507831052837
00-0030578,0.2,0.8800486879061873
00-0030578,0.1,0.6596411845852368
00-0031236,14.5,8.647909421351542
00-0031280,21.3,20.43730307116815
00-0031280,21.82,22.401848515722932
00-0031280,7.979999999999999,7.62467681140026
00-0031280,8.06,8.44265699841175
00-0031280,20.46,20.977285011088334
00-0031280,16.720000000000002,17.21044516962114
00-0031280,12.56,10.633497068258892
00-0031280,11.96,12.45048953889204
00-0031345,19.86,18.60682387194958
00-0031503,0.4,0.6634630103683039
00-0031503,0.1,0.4866516487290584
00-0031503,23.56,18.399276347323962
00-0031503,10.1,12.415616644427375
00-0031503,24.6,22.637251368571892
00-0031503,9.46,11.674533635758767
00-0031503,30.98,31.738247344312196
00-0031503,15.28,15.442148408933194
00-0031588,21.9,9.99051364876464
00-0031588,18.5,17.54507137170017
00-0031595,1.0,2.8860863820794145
00-0031595,2.1,1.2581360560466766
00-0031595,6.1,5.844105051410817
00-0031595,0.3,0.45534593708911103
00-0031687,3.9,4.716917755764909
00-0031687,11.8,10.71846136459681
00-0031687,3.0,5.969290575367363
00-0031687,16.0,15.214776831571365
00-0031687,8.8,7.66675028547666
00-0031687,1.2,3.0541964323457678
00-0031687,5.4,3.3869297070858098
00-0031687,5.1,6.079191653132625
00-0031687,6.6000000000000005,7.5236144701424905
00-0031687,3.9,6.048428172236344
00-0031800,1.2000000000000002,0.17305126834491577
00-0031800,0.8,1.2580192838308912
00-0032104,2.2,3.2866845419180732
00-0032104,14.1,13.202758419310523
00-0032104,4.800000000000001,3.277467843459576
00-0032104,2.1,1.4244185321651037
00-0032104,5.6,4.986738380931971
00-0032104,10.7,4.941647329364822
00-0032104,17.5,14.161555647707344
00-0032104,7.300000000000001,10.957314019613655
00-0032104,0.8,2.3498602042405836
00-0032104,19.6,8.656936532676353
00-0032104,19.5,20.07232868616965
00-0032104,17.700000000000003,20.778410278935436
00-0032268,0.12,2.0443426124902824
00-0032268,19.5,18.39621801578691
00-0032268,26.040000000000003,24.588052486351362
00-0032268,0.2,0.8462272415692773
00-0032385,8.4,10.436173930745609
00-0032385,10.9,9.457356554318562
00-0032385,2.0,3.0096582634071134
00-0032385,4.4,3.569974253676696
00-0032434,6.460000000000001,5.52502069903129
00-0032464,1.2000000000000002,1.8917101705511559
00-0032764,10.6,12.866605454109276
00-0032764,16.6,15.739303929611632
00-0032764,30.4,31.490073758482378
00-0032764,35.900000000000006,28.931888315495897
00-0032764,16.6,20.98337822224745
00-0032764,25.200000000000003,31.18805998625741
00-0032764,25.2,21.802751148582814
00-0032764,14.7,16.385230999483532
00-0032764,26.3,27.638821015552978
00-0032764,14.1,14.232556873884194
00-0032764,10.5,11.31997899200318
00-0032764,14.0,13.874847510277498
00-0032764,14.1,11.633956438451708
00-0032764,6.7,9.924165532551449
00-0032764,20.9,18.147218394167687
00-0032764,24.5,23.909438536318397
00-0032764,30.1,32.25422526261673
00-0032764,30.6,39.14469005185571
00-0032764,14.4,16.15637360436814
00-0032918,7.0,6.278956825513252
00-0033009,0.3,1.4255035910060772
00-0033040,6.6,9.393271895283041
00-0033040,8.2,9.447131071350846
00-0033040,2.3,2.8220107188844183
00-0033040,11.7,10.100021264395819
00-0033040,28.1,27.931478799144223
00-0033045,12.9,14.095391819385709
00-0033045,5.2,6.0351233686465395
00-0033045,2.2,3.251149681757077
00-0033045,3.4000000000000004,5.073674336073508
00-0033045,1.7000000000000002,3.1988668165118455
00-0033045,1.7000000000000002,2.645921942297593
00-0033045,10.8,10.498596655156357
00-0033045,0.2000000000000001,1.0748045016425585
00-0033045,5.4,2.991779791397171
00-0033045,0.6000000000000001,2.2810299712924733
00-0033045,0.4,0.7770691198003757
00-0033045,1.6,1.211593101215083
00-0033045,5.1000000000000005,4.021694920992789
00-0033045,6.1,6.921928799658629
00-0033045,0.2,1.7028026588331295
00-0033077,11.46,9.842183279873925
00-0033077,12.920000000000002,13.772804794020326
00-0033077,27.86,26.349040910204337
00-0033077,16.38,19.300531143159716
00-0033077,1.2200000000000002,3.3908319812034904
00-0033077,12.32,11.515299715445625
00-0033106,11.38,12.260202845946079
00-0033106,8.780000000000001,9.583004258437692
00-0033106,13.76,15.152472713536806
00-0033106,25.1,24.651798524972957
00-0033106,15.5,19.035935824119548
00-0033106,7.800000000000002,16.037057601476874
00-0033106,34.220000000000006,32.107409499171744
00-0033106,14.94,15.036737941283874
00-0033106,22.02,22.266985811990356
00-0033106,38.22,32.16280803590361
00-0033106,9.22,13.149354772903944
00-0033119,8.04,6.426747897390198
00-0033119,10.56,10.46109415792594
00-0033119,6.860000000000001,6.963097020539021
00-0033119,7.4,5.7740768359968735
00-0033119,6.380000000000001,5.001862405118333
00-0033280,16.700000000000003,22.666590474540904
00-0033280,14.6,19.40480191341532
00-0033280,7.800000000000001,12.125306809710988
00-0033280,8.7,10.669956703954691
00-0033282,3.5,3.175492800757807
00-0033282,0.7000000000000001,1.5240219704331726
00-0033282,3.6,5.518232032194108
00-0033293,18.9,18.36353253079596
00-0033293,9.8,7.692212981527216
00-0033293,25.8,16.694128189580688
00-0033293,17.9,20.33789365223939
00-0033293,6.300000000000001,11.576375239528938
00-0033293,20.6,21.422752513384097
00-0033293,11.5,11.29532031313226
00-0033293,12.2,13.789481790223856
00-0033293,12.1,13.78899442697272
00-0033293,5.3,9.339914187263481
00-0033293,19.9,17.94880742402556
00-0033293,9.8,3.34736762429859
00-0033293,16.4,16.85889507312793
00-0033293,18.6,19.74219856637613
00-0033293,12.3,13.201367914242898
00-0033293,11.7,12.421161725777814
00-0033293,12.5,14.475891067458296
00-0033293,9.0,10.852811927014534
00-0033307,7.5,9.647322525972637
00-0033357,4.6,8.357804621889592
00-0033357,2.9000000000000004,3.544619258266818
00-0033357,14.4,12.251957217523026
00-0033357,6.220000000000001,3.796982547035738
00-0033357,16.0,13.620795599457244
00-0033357,7.0,9.851735508306325
00-0033357,41.52,35.566161822416234
00-0033357,9.7,9.55659755663034
00-0033526,7.0,6.521856387936519
00-0033526,7.4,9.196829473146963
00-0033526,3.8,2.6923980508049765
00-0033526,13.5,9.049092295346144
00-0033526,4.4,5.303366705202599
00-0033526,2.9000000000000004,2.0852695632963796
00-0033526,4.4,2.2087756283945295
00-0033526,4.9,7.146079303369162
00-0033526,2.4000000000000004,2.312477905804073
00-0033526,0.8,0.49380157984840745
00-0033537,10.66,11.911136176357372
00-0033537,15.44,14.85877011843414
00-0033537,14.44,12.763862727482092
00-0033537,12.239999999999998,12.429783039947973
00-0033537,8.4,7.686060114323926
00-0033537,8.42,6.965960030560152
00-0033553,17.3,20.39521810485439
00-0033553,19.4,24.5016222286955
00-0033553,3.5,4.362795672390851
00-0033553,18.3,18.75615708304956
00-0033553,12.0,11.226081044524419
00-0033553,6.4,4.497284897133241
00-0033553,15.200000000000005,13.809708054790391
00-0033553,14.9,18.054595193990203
00-0033553,14.9,16.59507735549312
00-0033553,22.3,21.057620978442834
00-0033553,9.9,13.440025951126602
00-0033553,11.1,14.370244764582136
00-0033553,22.200000000000003,18.663160216414123
00-0033553,30.8,33.46471329184939
00-0033553,26.6,26.763476826982316
00-0033553,2.8,8.624555361060283
00-0033557,0.1,0.13902221296827588
00-0033662,-1.96,0.2434204538324359
00-0033662,9.000000000000002,7.9223133112619335
00-0033662,-2.0,-1.7266847604077693
00-0033662,14.36,12.216634342560802
00-0033662,17.980000000000004,16.328284169512617
00-0033662,13.82,14.153947403105954
00-0033662,19.06,17.78852553220175
00-0033662,4.079999999999999,7.123179464109296
00-0033699,10.2,10.096038884611298
00-0033699,11.5,11.491453509183161
00-0033699,13.7,15.9055713482368
00-0033699,11.7,9.540552495968939
00-0033699,10.8,9.394826423557923
00-0033699,4.0,8.052720697687684
00-0033699,7.800000000000001,9.40980272197562
00-0033699,17.3,15.243866484939193
00-0033699,18.1,18.817876423342426
00-0033699,17.6,15.440148129003276
00-0033699,4.4,9.154963009708382
00-0033699,5.2,9.195778007459795
00-0033699,8.3,7.712932103177647
00-0033699,12.8,11.525907252760849
00-0033699,6.199999999999999,8.434972344613575
00-0033854,4.300000000000001,4.470281582912083
00-0033854,15.4,10.807479805552335
00-0033854,14.7,18.231344469928793
00-0033854,0.8,3.7369403383017867
00-0033854,0.6000000000000001,1.0896335027680373
00-0033854,0.4,0.3287804361732457
00-0033854,1.1,0.5183051278207538
00-0033854,3.5,2.5598574836399672
00-0033854,2.8,1.5356804944700262
00-0033854,0.5,1.023691699864417
00-0033854,1.9,1.2484154448079718
00-0033869,9.239999999999998,8.39374466705929
00-0033873,15.14,14.296888840686455
00-0033873,12.94,17.047781601956494
00-0033873,16.38,16.597293857310024
00-0033873,13.0,13.504342866907344
00-0033873,12.84,14.57408030075991
00-0033873,12.06,14.398151313721403
00-0033873,18.18,19.02664048392871
00-0033873,22.54,21.682184649969013
00-0033873,16.54,16.07122113103435
00-0033873,28.76,26.72878833285986
00-0033873,16.24,14.738835729273106
00-0033873,14.1,13.187797619592116
00-0033873,15.76,15.260905207009474
00-0033873,23.7,21.89532704526249
00-0033873,26.0,24.608748773019556
00-0033873,12.48,11.679109417452763
00-0033873,28.1,27.775834506999146
00-0033873,18.78,20.55519450899774
00-0033893,3.2,3.198350057486199
00-0033893,0.8,1.3620080637035257
00-0033897,26.8,29.393304400419012
00-0033897,8.0,9.539255771481898
00-0033897,27.200000000000003,20.064423985051285
00-0033897,26.4,28.259407486183306
00-0033897,23.4,22.970906919720466
00-0033897,16.6,20.117605403761143
00-0033897,17.0,18.560556872110855
00-0033897,35.3,35.07565145049209
00-0033897,9.5,12.031416781974801
00-0033897,21.9,23.631093499119505
00-0033897,10.6,10.138985574811066
00-0033897,8.100000000000001,9.02042102710508
00-0033897,5.9,7.426770222099823
00-0033897,3.8,4.200956076214284
00-0033897,16.9,17.205082693205057
00-0033897,18.0,18.95317832882578
00-0033906,22.0,16.905370031096115
00-0033906,44.0,34.40209648923638
00-0033906,15.7,17.507382089727756
00-0033906,24.9,26.812575198121234
00-0033906,12.6,11.713990290236621
00-0033906,17.4,19.662975546117988
00-0033906,8.4,8.786751819625211
00-0033906,18.200000000000003,13.800758606909444
00-0033906,27.5,26.827933208618543
00-0033906,15.9,25.167002991568143
00-0033906,12.9,20.42784793758786
00-0033906,15.9,17.555629591535602
00-0033906,12.9,13.816008812968029
00-0033906,17.0,13.329404556772745
00-0033908,32.0,19.605944779149194
00-0033921,11.6,12.4782321263608
00-0033923,10.5,10.533088707225627
00-0033923,18.700000000000003,23.122042920205164
00-0033923,22.3,22.076183737214734
00-0033923,13.3,14.537027710554513
00-0033923,18.700000000000003,18.86982103862881
00-0033923,17.0,16.626253851077475
00-0033923,6.0,10.623220612221045
00-0033923,11.7,15.610584180677835
00-0033923,3.5,5.476941484968941
00-0033923,3.9,6.295581760586202
00-0033923,5.9,6.631777760275656
00-0033923,15.9,16.08745569274037
00-0033923,8.0,10.734716500791869
00-0033923,11.6,11.054131270709878
00-0033923,14.0,13.732268376540754
00-0033923,2.4000000000000004,1.6638573326684052
00-0033925,6.1000000000000005,6.87236360735408
00-0033925,0.5,0.9923284622449543
00-0033925,1.7000000000000002,2.7868646952946237
00-0033925,7.0,5.6629445962911085
00-0033925,6.7,6.8845717924810375
00-0033925,0.5,2.2556110104338885
00-0033925,2.6,3.275442576613413
00-0033925,-1.9,-1.0969880607912816
00-0033925,4.9,4.777761161398512
00-0033925,4.5,3.718043194848636
00-0033948,12.1,13.206799089045706
00-0033948,3.9,4.516946825761233
00-0033948,3.9,2.8855598805363116
00-0033948,0.9,1.2669921892527134
00-0033948,0.7000000000000001,1.5652169228039245
00-0033948,1.7000000000000002,1.5965137317614426
00-0033948,0.4,0.8020257575422304
00-0033948,3.5,2.8591893788365206
00-0033948,0.8,2.09683811158577
00-0033948,3.4000000000000004,2.6923276031869974
00-0033948,3.2,3.538752549649365
00-0033949,8.1,8.47844157584361
00-0033949,22.74,23.16359072319449
00-0033955,0.1,0.44437768633459
00-0033955,20.4,16.92342039796785
00-0033955,10.4,10.492998751301876
00-0033955,0.9,0.6078602164953758
00-0033955,4.2,4.09875189187216
00-0033955,2.0,2.127273968005845
00-0033955,6.7,6.896184296337612
00-0033955,1.6,1.91624455996231
00-0033955,2.2,1.8477355897148735
00-0033955,3.2,2.917593999642555
00-0033955,1.4,1.3502195602209353
00-0033955,5.8,4.068274181656312
00-0033955,3.0,3.1773435772628624
00-0033955,0.1,0.7974974784469637
00-0033955,6.8,7.283354798771584
00-0034115,2.6,2.9391083880741564
00-0034115,1.4,2.607190628317329
00-0034115,2.1,1.8020550650795069
00-0034115,1.2000000000000002,1.2280964268224983
00-0034115,0.5,1.3334240373549684
00-0034177,3.76,3.0082926591410333
00-0034177,3.36,3.2528291713510895
00-0034184,3.8,4.8591152373456925
00-0034184,5.9,7.781933957595477
00-0034184,0.9,1.7196037451310227
00-0034184,1.9,2.5267341223053057
00-0034184,5.5,5.0109679698278144
00-0034184,2.7,2.5858958653495305
00-0034184,7.1,8.621658667304668
00-0034184,4.300000000000001,3.641229176009225
00-0034184,9.6,10.060616686945238
00-0034184,2.3000000000000003,2.280340318948486
00-0034184,20.1,18.236557108995036
00-0034184,2.2,2.6516242469177613
00-0034208,0.7000000000000001,2.0669533879936908
00-0034208,1.4,1.2298924166707161
00-0034208,0.1,0.32347268977862614
00-0034208,1.1,0.61577826879259
00-0034208,2.6,1.7546601997621105
00-0034272,8.8,8.380487525295509
00-0034351,16.8,15.973685217890344
00-0034407,7.5,8.543972303263374
00-0034407,5.7,5.022024582754988
00-0034407,4.300000000000001,4.84466954368584
00-0034407,5.6,4.988085711489785
00-0034407,12.5,4.42747294066272
00-0034407,6.6,5.312037141953512
00-0034407,18.1,21.520669381571974
00-0034407,5.7,7.2948449317272575
00-0034407,3.7,2.491136687058607
00-0034613,16.3,8.596671620350692
00-0034753,15.6,13.817076355382708
00-0034753,18.9,15.265898638348371
00-0034753,13.8,11.487496534592228
00-0034753,5.2,9.26866093137963
00-0034753,9.4,12.852334841724359
00-0034771,10.22,11.05424036960097
00-0034771,17.54,17.718403066205454
00-0034771,17.5,17.66763156447814
00-0034771,15.76,15.644041194567446
00-0034771,12.38,17.22722132225394
00-0034771,12.02,11.391148644469151
00-0034771,3.3000000000000003,2.4601167112705684
00-0034791,10.2,13.840142701235754
00-0034791,5.2,6.917701133125959
00-0034791,4.5,5.588579895576439
00-0034791,5.0,6.029530299221525
00-0034791,19.0,18.230621507953373
00-0034791,12.5,5.5536424671308025
00-0034791,4.800000000000001,6.638301076755899
00-0034791,2.1000000000000005,4.657723019027717
00-0034796,25.12,25.177040529876173
00-0034796,16.380000000000003,16.96018503360379
00-0034796,25.980000000000004,27.859635363458437
00-0034796,23.64,23.72895038438217
00-0034796,33.42,33.223062388354485
00-0034796,18.92,20.499391668932706
00-0034796,34.440000000000005,30.922290172355105
00-0034796,24.160000000000004,22.451313841633585
00-0034796,23.6,26.112543276490165
00-0034796,30.9,31.628100626539137
00-0034796,12.88,13.453549628148313
00-0034796,22.58,22.140427725468847
00-0034796,25.380000000000003,22.49151261463168
00-0034796,36.1,32.453562537252424
00-0034796,20.48,23.08596973067085
00-0034796,29.42,28.748738896588954
00-0034796,22.98,21.558681803596183
00-0034796,23.1,22.816289597632537
00-0034796,16.060000000000002,17.686728717736163
00-0034827,10.0,13.87848494361667
00-0034827,5.4,13.029943281215154
00-0034827,5.7,6.244295216849272
00-0034827,13.7,13.395413815341993
00-0034827,24.9,19.421713828573242
00-0034827,15.0,22.119042141221914
00-0034827,14.0,18.847638057261936
00-0034827,12.2,18.837526321686106
00-0034827,22.1,16.78479327182696
00-0034837,24.700000000000003,18.161195246222913
00-0034837,2.5,1.844789323884389
00-0034837,0.9,0.40896483955946195
00-0034837,22.6,13.312756052265291
00-0034837,9.0,9.239553155353342
00-0034837,14.1,14.322240897851792
00-0034844,33.2,28.73669392771575
00-0034844,15.6,17.221609678656186
00-0034844,31.6,33.82787368220178
00-0034844,13.6,13.421172148279783
00-0034844,7.4,13.403500845638645
00-0034844,26.7,26.386512120356304
00-0034844,12.1,13.67843898000497
00-0034844,32.900000000000006,26.821050106941726
00-0034844,8.8,10.040670679200355
00-0034844,33.8,35.00640546905677
00-0034844,46.2,39.36159866054018
00-0034844,19.700000000000003,24.10258051923451
00-0034844,12.4,18.640249663852966
00-0034844,9.4,10.758416815135249
00-0034844,27.0,27.888681551282886
00-0034844,18.9,18.923878128041988
00-0034844,14.3,17.326144845644738
00-0034844,39.2,35.66402858098164
00-0034844,31.200000000000003,35.6599876529968
00-0034844,15.7,19.703141037426146
00-0034855,29.660000000000004,31.2888396142469
00-0034855,18.8,18.65074028810474
00-0034855,28.880000000000003,26.98490951447416
00-0034855,23.4,23.524085210007954
00-0034855,25.54,30.13393401108216
00-0034855,25.0,26.382355980561975
00-0034855,22.300000000000004,24.136787924298986
00-0034855,18.0,16.37646750848239
00-0034855,8.940000000000001,8.332030544922139
00-0034855,18.66,17.755331903096746
00-0034855,10.2,11.576954302853716
00-0034855,19.0,21.441382301850005
00-0034855,28.02,28.753570438516338
00-0034855,20.32,20.596223510227162
00-0034855,34.56,33.074944399216015
00-0034855,21.64,19.9771513117288
00-0034855,15.7,17.01504283891657
00-0034857,31.18,31.166934702204436
00-0034857,9.76,10.3422242320886
00-0034857,30.92,30.64362511579931
00-0034857,7.300000000000001,6.805513038568298
00-0034857,14.64,12.542455913682977
00-0034857,24.4,23.82538518664709
00-0034857,21.020000000000003,20.12842609787811
00-0034857,19.82,20.951042432822923
00-0034857,20.1,21.86324936306188
00-0034857,18.200000000000003,18.905844962698794
00-0034857,23.98,23.845993296701444
00-0034857,21.44,21.327710251351206
00-0034857,51.88,41.047474720735075
00-0034857,41.28,35.55669274156811
00-0034857,11.16,16.024984274239014
00-0034857,22.98,22.01067805660951
00-0034857,23.480000000000004,23.213769801767913
00-0034857,19.08,21.834223211459065
00-0034857,21.380000000000003,20.423787726551335
00-0034869,12.62,13.582706967530434
00-0034869,17.919999999999998,18.45882339802272
00-0034869,20.5,22.190147566836654
00-0034869,4.220000000000001,4.429461406740336
00-0034869,16.259999999999998,16.66626570404018
00-0034869,18.200000000000003,17.649833874470314
00-0034869,19.0,22.813072972723955
00-0034869,6.440000000000001,9.827658540262721
00-0034869,23.64,23.10107027374878
00-0034869,17.599999999999998,16.364340708559137
00-0034869,34.580000000000005,29.51610303345448
00-0034869,22.94,21.20429140741367
00-0034869,7.640000000000001,6.345720901583915
00-0034869,11.7,11.695528853853437
00-0034928,1.5,0.5575766995722495
00-0034960,9.4,8.214616117835876
00-0034960,8.8,12.306905161832365
00-0034972,16.2,9.740307596431201
00-0034972,6.1,10.11837310543822
00-0034972,13.4,14.069068923221648
00-0034972,6.0,7.3083048313997
00-0034972,8.100000000000001,10.262690783071445
00-0034972,17.5,16.775168665134668
00-0034972,15.3,17.60926746932941
00-0034972,9.4,11.007779804324246
00-0034972,3.6,7.697499632374634
00-0034972,9.9,10.139745212704147
00-0034972,2.4000000000000004,4.675941629793624
00-0034972,15.6,17.63198925335942
00-0034972,4.800000000000001,6.717243943235767
00-0034972,7.1,5.731342780375156
00-0034974,0.2,0.2777277720362097
00-0034975,11.5,11.071329742484169
00-0034975,4.7,9.601802194049169
00-0034975,7.4,10.815347962867033
00-0034975,21.6,11.478392064321067
00-0034975,3.5,11.970656285485106
00-0034975,1.4,3.756239530582347
00-0034975,13.8,9.002707800721383
00-0034975,2.9000000000000004,4.3538697198974825
00-0034975,8.8,10.549416131035631
00-0034975,8.100000000000001,8.574045238029928
00-0034975,14.2,13.927243315398842
00-0034975,6.1,6.039768725536543
00-0034975,17.8,9.877422998378522
00-0034975,3.0,4.110148365316102
00-0034975,12.5,9.272015756109887
00-0034975,7.7,7.597944781772968
00-0035021,0.9,0.6184226888153364
00-0035021,1.2000000000000002,0.40204292516603835
00-0035021,1.7000000000000002,1.1490903552511655
00-0035021,0.7000000000000001,0.2510614516951569
00-0035125,0.8,2.22783664926462
00-0035125,0.2,1.3839473439695138
00-0035125,6.3,6.47249599912005
00-0035125,5.2,4.070276950848382
00-0035125,0.4,0.9244450283556098
00-0035140,12.5,14.343777199712699
00-0035140,4.1,3.5938211646695994
00-0035140,1.5,2.1857023015291577
00-0035208,23.3,17.70847717102947
00-0035216,5.9,10.881413883389316
00-0035228,14.18,13.173891244903919
00-0035228,28.54,27.48601189066091
00-0035228,14.78,13.41624841134484
00-0035228,7.98,9.25222994628993
00-0035228,24.1,23.162958585507724
00-0035228,7.880000000000001,9.446796934035262
00-0035228,18.200000000000003,18.88869342246576
00-0035228,22.18,20.33670088152568
00-0035228,2.76,2.510244954366772
00-0035228,28.74,26.507995178670534
00-0035228,10.3,11.394281232987167
00-0035228,15.2,16.212566496234654
00-0035228,15.96,18.102634383251143
00-0035228,10.06,9.760944393307573
00-0035228,20.380000000000003,20.632093818440886
00-0035228,16.04,16.830021261021418
00-0035228,27.88,26.404882950532546
00-0035243,2.2,3.1163957465816257
00-0035243,5.5,3.5140464267557165
00-0035243,11.0,11.257262721330726
00-0035243,7.6,6.31649343079722
00-0035243,5.300000000000001,4.944030399503055
00-0035243,2.3,4.803797836066886
00-0035243,3.8,4.41882137193483
00-0035243,11.5,6.554899121166806
00-0035243,0.5,2.1065336505737697
00-0035243,26.6,17.847219112286563
00-0035250,9.2,8.430420699106664
00-0035250,14.5,16.618729303897123
00-0035250,18.8,16.62339181582243
00-0035250,4.800000000000001,8.321447674186857
00-0035250,3.1,5.897149836663586
00-0035250,4.300000000000001,3.9837427571465183
00-0035250,3.3000000000000003,4.61639168127045
00-0035250,5.5,5.6575236805390325
00-0035250,9.0,8.896758757965419
00-0035250,2.3000000000000003,3.289182303106711
00-0035250,0.8,1.4088309149141418
00-0035250,13.1,10.693718690888707
00-0035250,1.2000000000000002,2.6909854728560587
00-0035250,4.0,4.837308564887675
00-0035250,2.7,3.308077416516211
00-0035261,18.4,17.686515369274495
00-0035261,15.2,11.962724378161472
00-0035261,5.9,7.979164072197992
00-0035261,18.8,20.20478298644184
00-0035261,17.8,19.23525636576632
00-0035261,8.5,10.428568698125925
00-0035261,14.7,14.15761613944765
00-0035261,18.4,16.988338751252197
00-0035261,10.3,9.971880250888747
00-0035261,4.9,9.746434744429477
00-0035261,21.9,22.87361526512196
00-0035261,8.8,5.710206158594691
00-0035261,14.4,17.99484625719133
00-0035261,8.5,14.678393621258717
00-0035261,6.0,7.247969505750878
00-0035261,6.2,8.492607056101544
00-0035264,0.7000000000000001,0.8666247862119246
00-0035289,10.78,11.256275501835608
00-0035289,11.96,11.323138304154947
00-0035289,7.680000000000001,9.685494830516364
00-0035289,-1.64,3.103469304088919
00-0035289,14.96,13.326357100729675
00-0035289,17.98,18.34336120545651
00-0035289,11.7,11.362898512257539
00-0035311,2.3,1.8036152739463631
00-0035500,11.1,11.503854887408169
00-0035500,2.7,1.9490426585725056
00-0035500,9.6,5.736244446695615
00-0035500,3.7,3.7738440897582186
00-0035500,21.4,10.02801428478698
00-0035535,9.0,9.681740204622995
00-0035535,3.7,3.0792683660868265
00-0035537,0.7000000000000001,1.4912432157082343
00-0035537,13.6,7.2155937300948905
00-0035537,6.3,7.981455587862099
00-0035537,1.5,2.2808058475476187
00-0035537,3.4000000000000004,3.569529532289399
00-0035537,2.3000000000000003,2.5943385930957854
00-0035537,1.8,4.800705124138694
00-0035537,4.7,5.360663867467194
00-0035537,17.3,17.429982604118408
00-0035537,3.0,13.859060148135352
00-0035537,3.5,9.329996067946233
00-0035537,2.3,2.3477859675793304
00-0035537,15.0,9.038971193978366
00-0035537,4.9,6.72676596310845
00-0035537,2.9000000000000004,5.924464637364797
00-0035567,2.1,2.819173549159221
00-0035567,0.3,1.3243555728908605
00-0035567,2.1,1.6607401416256473
00-0035567,0.6000000000000001,0.3681036705500565
00-0035567,3.3000000000000003,2.166952671471937
00-0035567,8.600000000000001,7.694499968442638
00-0035567,3.9,6.925176682483895
00-0035594,1.0,1.7412512395949853
00-0035594,0.6000000000000001,0.42295396539747987
00-0035594,0.7000000000000001,2.178671182860449
00-0035628,2.6,2.008727391933384
00-0035628,1.2000000000000002,0.7577828463875078
00-0035628,3.0,1.954961232954779
00-0035628,6.4,4.923818133444669
00-0035628,10.0,8.39246801412924
00-0035628,3.3000000000000003,3.225252668715601
00-0035628,0.6000000000000001,2.067192951954978
00-0035628,0.3,1.0812022058870472
00-0035628,3.6,3.5794668698693863
00-0035659,13.4,13.776480388038646
00-0035685,16.3,20.013284130671334
00-0035685,17.0,16.161261781783683
00-0035685,21.200000000000003,21.065246591233493
00-0035685,15.0,16.576638565923616
00-0035685,21.0,23.77764009808015
00-0035685,8.0,6.13867933999884
00-0035685,14.92,14.591463421444884
00-0035685,12.6,11.497002642503785
00-0035685,12.6,15.097064492953471
00-0035685,24.5,26.510537438515918
00-0035685,16.3,15.108516042895001
00-0035685,15.4,18.46232509002013
00-0035685,19.4,20.214741301540258
00-0035685,7.5,12.434433756778862
00-0035685,3.6000000000000005,7.124099812159185
00-0035700,12.4,14.256081253982948
00-0035700,13.1,14.526030352681389
00-0035700,5.800000000000001,8.08930827804049
00-0035700,11.8,10.37424944583208
00-0035700,16.4,18.3201937595945
00-0035700,12.0,14.900531210784287
00-0035700,20.200000000000003,13.42112584641037
00-0035700,25.5,30.11308995972674
00-0035700,12.8,15.649351558850821
00-0035700,23.4,19.647663966277364
00-0035700,28.6,32.20179409533466
00-0035700,21.700000000000003,21.33182992360391
00-0035700,24.6,28.84398687576986
00-0035700,21.6,22.890936831410976
00-0035700,20.700000000000003,20.197098113387806
00-0035700,10.9,13.823585597193206
00-0035700,11.6,11.195894135693834
00-0035700,21.1,16.64230169367526
00-0035704,1.54,2.2165053245301842
00-0035704,14.82,12.556608290561968
00-0035704,12.98,12.717495364163954
00-0035704,6.5,7.631268703150494
00-0035704,7.819999999999999,8.541447492252843
00-0035710,4.94,6.833975748855154
00-0035710,18.32,16.29577909926855
00-0035710,19.44,18.432177244134543
00-0035710,9.54,9.835537254466946
00-0035710,22.08,21.97888431839006
00-0035710,11.8,11.75578517273415
00-0035710,5.96,5.852809439594673
00-0035710,6.66,8.446166503580171
00-0035710,24.36,21.637503573165382
00-0035710,12.2,14.710070326622468
00-0035719,18.7,20.188666255932784
00-0035719,10.2,9.735640735636535
00-0035719,3.0,10.148173718116977
00-0035719,20.700000000000003,15.951468416086461
00-0035719,12.6,17.377914835821063
00-0035719,12.6,22.268756278521685
00-0035719,5.5,6.555648380484211
00-0035719,4.9,6.438041111776588
00-0035719,25.1,15.819732904722489
00-0035719,9.1,10.447189533597088
00-0035806,0.2,0.44004524648985205
00-0035806,0.5,-0.07286017670475649
00-0035806,1.5,1.4618722673584033
00-0035806,3.1,2.1212260683237876
00-0035806,3.4000000000000004,6.996099376280821
00-0035806,0.2,1.1421651156087114
00-0035806,3.5,2.3111164362878145
00-0035860,11.5,11.131159004044573
00-0035924,0.9,0.9547057539985699
00-0035924,1.3,1.216299765827878
00-0035973,3.8,2.393824609249337
00-0035973,0.9,1.379646311836283
00-0035973,8.5,9.104164230536544
00-0035973,3.5,3.3373063777479413
00-0035973,13.1,12.25273048287699
00-0035993,11.84,11.950240182413305
00-0035993,6.46,6.968306686131707
00-0035993,9.48,9.19384169066851
00-0035993,24.2,22.704993061094196
00-0035993,6.76,9.258677853100977
00-0036096,2.3,1.9881490433869284
00-0036096,1.8,2.8723316139886443
00-0036096,2.3000000000000003,2.316366922122528
00-0036139,4.2,8.802947147509338
00-0036139,9.9,9.17011934749304
00-0036139,8.600000000000001,10.159135585447435
00-0036139,13.1,11.148460617991532
00-0036139,19.4,17.74910286426463
00-0036139,10.5,9.236750903011167
00-0036139,21.700000000000003,17.66051585243995
00-0036139,8.600000000000001,11.034895821914851
00-0036139,5.4,11.40549118937419
00-0036139,10.8,9.966151958683476
00-0036139,21.3,20.407701106612077
00-0036139,15.1,16.17806812019593
00-0036139,14.9,18.12013531459546
00-0036139,8.100000000000001,8.752621554492888
00-0036139,9.8,12.323324280590198
00-0036139,16.4,18.14127607518149
00-0036158,22.9,22.842363252707568
00-0036158,20.1,21.77138119650305
00-0036158,8.4,9.334532181165113
00-0036158,9.2,8.641907223569309
00-0036158,18.200000000000003,19.376204526383667
00-0036158,9.6,11.572076618624404
00-0036158,16.8,18.086866161931415
00-0036158,23.5,21.667656984672526
00-0036158,8.5,8.998095707852084
00-0036158,18.9,17.711769620873895
00-0036158,8.9,5.759684145255609
00-0036158,15.3,16.468682272109824
00-0036158,10.5,10.254891322812007
00-0036158,2.6,3.9474716531723075
00-0036187,0.3,1.5020690308472415
00-0036187,0.4,0.34866448317730964
00-0036212,18.62,15.939238608562308
00-0036212,5.500000000000001,10.224543129898287
00-0036212,14.66,13.620371886734718
00-0036212,18.46,18.881003197505926
00-0036212,23.200000000000003,21.678166992724936
00-0036212,21.540000000000003,20.819479316913576
00-0036223,10.8,12.428386898887176
00-0036223,15.5,13.455874607074692
00-0036223,26.5,26.438055709912096
00-0036223,19.8,20.430747458142935
00-0036223,18.700000000000003,20.37764655657396
00-0036223,8.9,8.502098936554361
00-0036223,14.2,13.659754463408165
00-0036223,7.0,10.566035919690046
00-0036223,3.5,5.754999922806427
00-0036223,17.3,9.905801967107331
00-0036223,10.1,11.870494944460285
00-0036223,39.8,38.875541571663845
00-0036223,27.6,28.797474261646844
00-0036223,25.0,27.25028929850839
00-0036251,14.1,15.0767154034896
00-0036251,5.7,6.345796468466148
00-0036251,20.700000000000003,17.996683769610563
00-0036251,17.8,14.306489254277162
00-0036251,8.2,9.781747283683197
00-0036251,0.5,6.807451038608508
00-0036251,7.0,7.789832222962697
00-0036251,7.9,7.0898956671323745
00-0036264,24.160000000000004,27.481581021532207
00-0036264,15.96,16.5420094396443
00-0036264,25.62,25.913391304862312
00-0036264,20.24,19.37839923254281
00-0036264,14.72,13.875020617932398
00-0036264,12.54,11.985580582922845
00-0036264,17.56,17.328543200957835
00-0036264,11.48,10.57789575544257
00-0036264,12.0,11.200586195948825
00-0036264,3.4800000000000004,7.893944116523461
00-0036268,1.1,1.4720493684390077
00-0036275,3.0,7.121144908361713
00-0036275,8.2,10.697214585899415
00-0036275,6.2,7.3092637098968565
00-0036275,29.5,24.410240160823093
00-0036275,20.0,23.849698846740655
00-0036275,21.9,25.318683945052328
00-0036275,18.9,21.994160129906884
00-0036275,14.2,12.723394278724113
00-0036275,7.5,9.66153976931256
00-0036275,16.4,18.75497860889995
00-0036275,9.5,10.071994810988848
00-0036275,9.4,11.816051782332496
00-0036275,5.0,9.038271446868897
00-0036275,9.9,11.469944219274836
00-0036275,8.3,8.23798487171146
00-0036275,12.1,12.650311448969724
00-0036275,12.5,19.116179676205576
00-0036297,0.3,1.0509431467100194
00-0036322,21.4,20.449854863113472
00-0036328,1.8,5.225283106926462
00-0036328,11.3,11.146979989333136
00-0036328,6.7,5.280372470771883
00-0036328,10.9,9.205686696479653
00-0036328,6.6000000000000005,9.873502924140004
00-0036328,7.3,12.377549959075697
00-0036328,2.3,4.621582499715007
00-0036328,0.7000000000000001,4.056875391079642
00-0036328,2.6,2.5824803273644723
00-0036328,3.0,3.4787113415825885
00-0036328,5.5,5.3504116454209045
00-0036328,12.2,14.038964051019232
00-0036328,8.4,6.5542771337591565
00-0036328,5.5,7.121706129104846
00-0036328,6.300000000000001,8.763663473023616
00-0036328,10.1,7.611351896110297
00-0036329,2.1,1.0156832688197464
00-0036331,0.3,0.5114224092383172
00-0036331,0.4,0.2982168590208274
00-0036331,0.3,0.2746214060745121
00-0036355,10.36,9.444843716653747
00-0036355,11.0,12.386685089844933
00-0036355,13.68,12.399355414402207
00-0036355,12.760000000000002,10.903670709744723
00-0036355,24.06,21.603824576919774
00-0036355,18.96,18.19392515047843
00-0036355,19.76,18.4538683972185
00-0036355,24.380000000000003,21.460247342348165
00-0036355,17.62,15.940086107817812
00-0036355,5.98,4.616526591639924
00-0036355,13.72,12.079938381364913
00-0036355,20.16,20.54165602894468
00-0036355,24.44,24.393782676333558
00-0036355,26.04,24.803485388108726
00-0036358,13.6,21.492312906611403
00-0036358,23.6,23.014773405378545
00-0036358,11.4,13.491245031215668
00-0036358,16.1,18.923730645665653
00-0036358,14.2,23.11724964006228
00-0036358,8.4,14.034511916826293
00-0036358,18.6,17.03232604167212
00-0036358,16.8,17.77837878412611
00-0036358,21.4,15.742466227015752
00-0036360,5.0,3.7247852059685402
00-0036360,5.0,5.23862455217342
00-0036370,0.2,0.2283590001731566
00-0036389,16.42,18.652311894062773
00-0036389,23.82,22.779822374554858
00-0036389,10.94,12.762703880946033
00-0036389,16.32,15.846790195068317
00-0036389,21.860000000000003,21.068439870842596
00-0036389,22.76,22.668976692530272
00-0036389,35.14,32.63245327652409
00-0036389,29.9,30.482157062970245
00-0036389,29.68,29.879037346185797
00-0036389,18.74,20.09764594041133
00-0036389,15.06,13.613030599999965
00-0036389,17.619999999999997,17.54934185936329
00-0036389,24.22,24.61411698398024
00-0036389,28.1,26.418185655782256
00-0036389,4.540000000000001,4.507706234583195
00-0036389,16.84,17.01029248305074
00-0036389,18.12,16.286275877139182
00-0036389,33.44,32.81683465025063
00-0036389,28.04,29.49608447392312
00-0036414,2.5,3.6945263554462904
00-0036414,9.9,7.482391194950989
00-0036414,5.300000000000001,7.275586848502676
00-0036414,12.7,14.4967891191218
00-0036414,7.300000000000001,6.589928871866003
00-0036414,5.7,6.106933178933408
00-0036414,11.6,7.446850479221264
00-0036414,3.5,4.288522574074282
00-0036414,2.2,3.8526430405583603
00-0036414,3.7,3.9282632576130605
00-0036414,8.4,9.544708420611412
00-0036414,0.3,0.532064111831316
00-0036414,11.3,3.8997076636861956
00-0036414,8.9,8.761357013734276
00-0036414,3.9,5.601800517325435
00-0036425,0.2,0.21241894417259946
00-0036425,1.0,1.2764556847969097
00-0036425,1.5,1.561706095833926
00-0036425,3.7,2.7037173345741006
00-0036442,6.0600000000000005,5.196081417725351
00-0036442,17.22,17.077460099570562
00-0036442,25.36,22.804015636911714
00-0036442,16.28,16.940926523891523
00-0036442,33.78,31.544641496969728
00-0036442,19.82,18.904678959718762
00-0036442,10.86,10.865523863827356
00-0036442,29.14,23.925660740089146
00-0036442,33.720000000000006,32.17268521024111
00-0036442,29.040000000000003,25.657386415089842
00-0036442,19.26,22.32285252160412
00-0036442,21.98,20.43565736088805
00-0036442,34.980000000000004,33.48897612123904
00-0036450,0.4,0.744869417815102
00-0036527,0.2,0.36299934562364866
00-0036527,7.8,6.913676029207236
00-0036527,2.7,1.1471055543973783
00-0036527,3.7,4.772027265167871
00-0036527,13.2,8.492128426122825
00-0036555,1.4,5.01783528762168
00-0036555,11.6,10.19653466373538
00-0036555,27.9,20.233121058582093
00-0036555,22.1,23.12246064998183
00-0036555,17.5,19.9197560088036
00-0036555,15.3,14.306021380536915
00-0036555,11.2,14.289344525339903
00-0036555,9.1,9.596009067007992
00-0036555,21.2,20.254493143139275
00-0036555,24.9,22.85163440130216
00-0036555,13.0,14.379275950469077
00-0036555,2.3,4.681778365231302
00-0036555,20.700000000000003,16.640803118583385
00-0036555,8.9,7.215766479633992
00-0036555,32.5,32.39870086700177
00-0036613,16.200000000000003,13.011473344406143
00-0036613,8.5,11.945859159040367
00-0036613,9.0,8.856449765807758
00-0036626,5.6,2.959193522398807
00-0036626,7.9,7.608063296547225
00-0036626,5.4,8.697188746668354
00-0036670,3.3000000000000003,2.2512630939414717
00-0036670,0.9,1.2745563986912434
00-0036849,12.5,16.118585286190044
00-0036875,21.6,22.484130827864902
00-0036875,17.0,17.620470798217244
00-0036875,0.3000000000000002,1.8097293426396663
00-0036875,7.800000000000001,5.327057289913592
00-0036875,19.200000000000003,17.485354487795718
00-0036875,4.5,6.128831993642589
00-0036875,21.5,21.69117481320354
00-0036875,22.4,13.352510423899652
00-0036875,8.7,13.826387727186566
00-0036875,12.9,15.505610393607085
00-0036875,1.3,5.699168804791721
00-0036875,12.4,10.859135870821401
00-0036875,9.5,10.029940749444949
00-0036875,12.3,13.636057277884937
00-0036875,0.1,0.7856844838449357
00-0036893,8.9,11.5616739387486
00-0036893,8.4,9.988786144758498
00-0036893,13.6,11.617293804939033
00-0036893,10.3,12.87290601007337
00-0036893,9.7,11.558368615598948
00-0036893,20.200000000000003,20.03031301272228
00-0036893,16.200000000000003,19.768826530536263
00-0036893,16.1,15.424067333470298
00-0036893,11.3,14.108348088892766
00-0036893,13.3,12.441983795396817
00-0036893,7.4,8.174233389793663
00-0036893,24.9,22.97359844258842
00-0036893,11.3,15.023264360982772
00-0036893,3.1,5.459566389542146
00-0036893,4.2,5.690306513347993
00-0036893,10.1,8.90503422040511
00-0036893,15.6,12.62819435525543
00-0036893,8.8,7.082605403860258
00-0036898,4.220000000000001,1.8634665791664051
00-0036900,17.6,20.16220354315003
00-0036900,45.1,34.61354948340267
00-0036900,22.4,23.389495377766796
00-0036906,0.4,1.7346898212075421
00-0036906,8.7,8.988289483044111
00-0036906,0.9,1.7697515953586784
00-0036906,1.4,1.1524240545723832
00-0036906,2.1,1.4223552266927584
00-0036906,0.4,0.47430345551501607
00-0036906,2.3000000000000003,2.0540641610207
00-0036906,15.3,10.731396289370766
00-0036912,28.0,20.2548370154704
00-0036913,0.3,0.6632124898609176
00-0036919,2.2,2.222832173270036
00-0036919,0.6000000000000001,1.2250632089922804
00-0036919,0.9,1.457936944165602
00-0036919,2.3000000000000003,2.825166214889792
00-0036919,7.7,5.585302556158095
00-0036919,1.9,2.84201271634969
00-0036919,2.0,3.186577777594204
00-0036919,4.9,3.579784684674082
00-0036919,5.9,5.647373852451403
00-0036919,8.2,10.238782972612555
00-0036919,5.300000000000001,3.4116822916547593
00-0036919,9.0,6.662228542991164
00-0036919,2.3,4.841872940587194
00-0036919,1.9,4.383946302803265
00-0036919,4.300000000000001,4.65562915214045
00-0036919,1.4,2.632175703999915
00-0036919,3.0,1.7282836954503082
00-0036919,4.4,3.9708753496907945
00-0036919,1.0,4.107141882925735
00-0036924,9.8,8.098046533296525
00-0036924,10.1,12.222730831298607
00-0036924,15.9,18.152328232271913
00-0036945,11.94,11.572907868960133
00-0036945,11.38,11.123863998068643
00-0036945,18.4,20.0339826338962
00-0036945,29.980000000000004,27.43837587631836
00-0036945,14.1,13.687153098415825
00-0036945,23.7,21.35353754974018
00-0036945,1.7000000000000002,0.8319131210391194
00-0036945,2.6,1.624765472231634
00-0036945,0.7000000000000001,0.47584764748557173
00-0036945,0.8,0.47386650198039126
00-0036963,10.3,9.438153238588892
00-0036971,11.28,9.814862737653598
00-0036971,13.3,10.658624376167744
00-0036971,9.420000000000002,9.139466141759561
00-0036971,15.74,14.911573619350394
00-0036971,19.24,19.937802621251585
00-0036971,15.06,15.10599100052699
00-0036971,13.02,12.523105265596225
00-0036971,23.32,25.807197351593235
00-0036971,15.56,17.925042652958464
00-0036971,0.2400000000000002,2.7318841822189386
00-0036972,5.24,6.631687597238571
00-0036972,4.220000000000001,3.8589226568309023
00-0036972,18.0,16.24963075152574
00-0036972,5.1000000000000005,7.213866518459955
00-0036972,18.66,21.18756609687762
00-0036972,17.16,15.81358107726716
00-0036972,12.7,13.491703656351316
00-0036973,11.9,12.202641008681342
00-0036973,14.8,14.74632958521744
00-0036973,12.5,9.950567553622363
00-0036973,7.0,7.479458690497375
00-0036973,12.0,12.058786108783426
00-0036973,5.0,4.641920123753196
00-0036973,5.3,5.704470334686228
00-0036973,6.300000000000001,5.0643138866479465
00-0036973,8.8,8.076775887546475
00-0036973,11.0,8.78235510358656
00-0036973,12.5,15.155221202148551
00-0036973,5.7,9.554881433829639
00-0036973,8.5,11.25980972347422
00-0036973,9.0,10.282310271535138
00-0036980,19.200000000000003,19.750787579206808
00-0036984,7.6,7.024260985104005
00-0036984,0.8,1.8337225617042119
00-0036984,18.3,13.016373796058804
00-0036984,2.9000000000000004,6.478383457039008
00-0036984,5.9,6.096179270131701
00-0036984,2.3,2.6459905274722204
00-0036984,3.2,2.3448819466715896
00-0036984,2.5,3.027315681159965
00-0036997,3.3000000000000003,5.764009732004263
00-0036997,11.5,9.759389638100151
00-0036997,6.100000000000001,5.714190368743855
00-0036997,10.0,10.64497768570096
00-0036997,16.1,13.992319594796099
00-0036997,4.6,4.789003723945997
00-0036997,26.1,27.281555353661872
00-0036997,9.2,11.179487609049756
00-0036997,10.4,9.218084440348772
00-0036997,2.7,4.977090466987423
00-0036997,18.700000000000003,18.788718738514454
00-0036997,7.4,10.15212453789778
00-0036997,4.300000000000001,4.508003613340441
00-0036997,12.3,8.795261578964997
00-0036997,10.8,9.76906840401502
00-0036997,6.3,7.167456307113745
00-0037012,-1.46,1.800289246312022
00-0037012,0.14,0.6827184325667304
00-0037012,12.36,9.187179349193535
00-0037077,-0.8400000000000001,2.421506416222851
00-0037085,2.8,2.42920981902411
00-0037085,7.0,8.948868078291296
00-0037085,0.8,1.387791171455979
00-0037091,0.8,1.9093085128330025
00-0037091,4.300000000000001,4.488613262259288
00-0037091,0.5,0.483425264594397
00-0037091,1.4,0.8988013494404568
00-0037091,0.1,0.4025472266422025
00-0037120,8.7,5.458369034358399
00-0037120,10.5,8.73821887725724
00-0037120,11.1,14.033635534998522
00-0037120,0.3,0.7055560471450257
00-0037120,2.2,3.029242565715479
00-0037197,15.8,20.36892106555918
00-0037197,16.1,17.980032500737995
00-0037197,5.9,8.566989839323556
00-0037197,8.100000000000001,10.822505409829184
00-0037197,5.7,6.822316535610856
00-0037197,3.5,6.2283774614739675
00-0037197,1.8,4.126363453791377
00-0037197,1.8,1.8883362921725195
00-0037197,4.4,3.319400000068615
00-0037197,2.2,2.735723903708142
00-0037228,4.0,4.09673524555915
00-0037228,8.100000000000001,8.637141662367169
00-0037228,1.1,4.0630114727624305
00-0037228,4.8,4.93280769128192
00-0037228,7.9,7.187593324363143
00-0037228,7.9,8.0645512144623
00-0037228,9.5,8.39687269978154
00-0037228,10.8,10.75591124354938
00-0037228,15.4,15.24481897270838
00-0037228,10.4,10.919526179047528
00-0037228,9.2,10.159909845961835
00-0037228,2.5,7.477819996710274
00-0037228,14.2,10.327189125486926
00-0037228,16.200000000000003,11.98200087363774
00-0037228,2.1,7.977819702266248
00-0037228,6.5,7.664523110377324
00-0037231,7.0,5.894670227533095
00-0037239,12.8,11.719648053186202
00-0037240,24.4,15.667675243224485
00-0037240,14.4,13.216053675075306
00-0037240,17.700000000000003,12.997171009609831
00-0037240,21.700000000000003,16.521759162729328
00-0037240,11.8,15.67414237820717
00-0037240,9.6,19.8354790966451
00-0037240,26.0,21.0587259277247
00-0037240,13.0,14.7394499017167
00-0037247,20.5,19.0911866952061
00-0037248,13.3,14.813628131778978
00-0037248,28.5,22.906448402938288
00-0037248,18.700000000000003,19.78633361779555
00-0037248,5.800000000000001,7.468249127953346
00-0037248,17.9,18.872026288501146
00-0037248,9.2,12.388738257265132
00-0037248,28.3,25.306305964504183
00-0037248,11.9,11.659370151604083
00-0037248,15.5,17.98868174395245
00-0037248,19.7,20.08116598934112
00-0037248,19.0,17.979969440178348
00-0037248,4.9,5.104103005265364
00-0037248,26.3,23.944868270729255
00-0037248,27.6,20.44734043212909
00-0037248,11.3,15.895951024046392
00-0037248,8.8,9.62675651263414
00-0037248,18.0,20.009575161631172
00-0037248,11.2,8.784983533908658
00-0037248,28.4,24.520151038143904
00-0037253,0.5,0.7895818923381296
00-0037256,16.6,20.242097456657028
00-0037256,3.3000000000000003,12.476147231533846
00-0037256,8.5,10.340832666242118
00-0037256,10.4,11.404280744295832
00-0037256,9.6,11.270327707658605
00-0037256,29.1,16.597865504503606
00-0037256,15.7,11.39434206410179
00-0037256,12.5,18.32586930198592
00-0037256,19.0,12.659073701708612
00-0037256,11.7,17.3336393632881
00-0037256,8.8,11.114276872672384
00-0037256,24.9,19.955053775940613
00-0037256,14.1,8.36117486775374
00-0037256,11.0,6.888729622030529
00-0037256,4.4,10.113063468144434
00-0037256,3.5,4.089215081337115
00-0037258,1.6,1.6486786501937525
00-0037258,14.7,12.879944780187303
00-0037258,0.2,0.4501070961878417
00-0037258,0.4,0.2764602380781123
00-0037258,0.2,0.2991232015384483
00-0037258,0.4,0.26836608268444606
00-0037258,1.3,1.6230210550031245
00-0037258,23.6,21.837928105443492
00-0037258,1.5,0.7762980146835259
00-0037258,1.0,0.9658376168877354
00-0037261,10.6,11.671593210977859
00-0037261,19.9,16.442547414526533
00-0037263,2.1,5.600879131456978
00-0037263,7.5,6.794242052178081
00-0037263,3.2,4.284824942155324
00-0037263,10.0,9.194270444835558
00-0037263,5.5,6.8207489717345435
00-0037263,17.8,19.84140956816872
00-0037263,5.5,5.596147909425748
00-0037263,3.3000000000000003,5.587879950050653
00-0037263,7.8,8.62546030221939
00-0037263,5.9,6.027224188421047
00-0037263,3.2,3.2832345127043414
00-0037263,12.3,12.045945805336492
00-0037263,4.3,5.71674484957377
00-0037263,4.1,4.355314344129198
00-0037263,1.9,2.644527588756938
00-0037263,8.9,7.214973220827996
00-0037267,18.9,16.800571051580818
00-0037267,7.4,7.710521460252746
00-0037267,10.0,8.341092680458068
00-0037267,15.5,11.737603825263156
00-0037267,7.9,10.157195007751426
00-0037267,1.4,2.1785844841791207
00-0037267,1.7000000000000002,2.0924876094165947
00-0037267,7.9,6.067837276287108
00-0037267,3.7,4.264869170833591
00-0037267,7.2,9.930672350467296
00-0037267,7.7,7.576749078278729
00-0037267,18.4,16.35813852401601
00-0037267,24.1,21.049625554989174
00-0037267,2.2,4.643183280539961
00-0037276,7.2,8.715700073848806
00-0037276,8.200000000000001,10.713354141785658
00-0037276,1.3,3.714432649683395
00-0037276,2.3,2.5137297870358175
00-0037276,5.9,4.447049238644925
00-0037276,0.4,1.6488647125121219
00-0037276,1.8,2.984934863110324
00-0037276,0.2,0.6831229712998874
00-0037276,0.4,0.3618041079994758
00-0037276,0.7000000000000001,1.455905529133682
00-0037291,12.4,8.862018023999335
00-0037324,0.5,0.15304078778429878
00-0037327,3.6,3.752850289707189
00-0037429,1.3,1.38399310644287
00-0037429,2.0,1.8372591813034276
00-0037429,4.7,3.727911491255932
00-0037450,1.1,0.9226666942383153
00-0037487,0.9,0.845769466162921
00-0037509,3.3000000000000003,4.40217419285925
00-0037509,8.5,7.921328425235331
00-0037509,10.9,9.390533216363426
00-0037509,4.5,5.531809247310637
00-0037525,22.200000000000003,21.366611959659828
00-0037525,17.4,19.3890030882467
00-0037525,10.7,11.685679748902501
00-0037525,24.0,22.79514975715635
00-0037525,8.8,11.90633966192725
00-0037525,9.2,10.010996319884836
00-0037525,8.9,9.439126965497975
00-0037525,1.8,4.753228607460784
00-0037525,0.5,1.0386615597176498
00-0037525,1.3,0.6597489840569564
00-0037525,2.3,1.5946944594912145
00-0037525,7.800000000000001,6.939041475504066
00-0037545,20.9,19.4598381000821
00-0037545,17.700000000000003,19.20653273203589
00-0037545,2.3,6.455955541032994
00-0037557,1.6,2.9205125390164848
00-0037557,0.9,0.9159308748243528
00-0037557,2.6,2.257931859961105
00-0037557,12.2,9.110039495242527
00-0037557,0.8,3.1551350244213254
00-0037594,0.2,0.504327840742744
00-0037594,3.4000000000000004,3.3543275494088016
00-0037594,3.2,3.4133607660237684
00-0037594,2.2,2.9786388781536193
00-0037594,1.5,0.9696683091172456
00-0037594,1.7000000000000002,1.4817802622358835
00-0037594,1.1,0.9320411725504449
00-0037609,0.5,0.37301086065829847
00-0037609,1.4,1.5470784367624044
00-0037617,1.1,3.0922932301365735
00-0037617,0.5,1.6093552676190523
00-0037617,0.2,0.748136414108378
00-0037617,6.4,5.464627925167074
00-0037617,0.1,0.3423238416410763
00-0037617,0.3,0.24927042012945763
00-0037617,5.0,6.499941536110192
00-0037617,9.3,13.161362809348027
00-0037617,0.5,0.8228064942021953
00-0037740,10.2,11.30676524648182
00-0037741,3.3000000000000003,2.291800912900109
00-0037742,1.3,2.6572540734082595
00-0037744,12.7,14.669979390618805
00-0037745,2.9000000000000004,1.5617614587076845
00-0037746,17.9,19.009281937469336
00-0037746,14.6,17.137523826304278
00-0037746,10.7,14.897159296084201
00-0037746,20.3,20.74859822777768
00-0037746,13.8,14.244607936988908
00-0037746,13.1,11.771422619342154
00-0037746,8.600000000000001,7.863636414445513
00-0037746,14.2,14.526996930823376
00-0037746,3.4000000000000004,3.706600494450826
00-0037746,17.9,18.257961685941865
00-0037746,11.7,10.584398143254463
00-0037746,2.1000000000000005,3.241412424664842
00-0037746,8.9,11.430901656081758
00-0037746,2.6,4.969912291231873
00-0037746,7.800000000000001,7.152836769360446
00-0037746,19.7,20.475227127017437
00-0037746,3.6,6.8159018645009
00-0037801,2.6,1.6207298667175578
00-0037801,14.2,5.676784062944093
00-0037801,5.0,7.634198241803517
00-0037801,3.7,2.736887217660476
00-0037801,9.5,12.08067453977412
00-0037801,4.1,5.816485434365045
00-0037801,2.7,3.1331598759050454
00-0037801,2.8,3.1263681743441496
00-0037801,4.4,3.065525009080381
00-0037801,8.8,6.838100811654159
00-0037809,10.9,11.7865568218488
00-0037827,0.7000000000000001,1.1051201912961373
00-0037834,10.34,9.423963400803459
00-0037834,13.959999999999996,14.455522059580822
00-0037834,24.9,23.61758248430936
00-0037834,14.62,13.892784876017945
00-0037834,13.06,14.596583303309018
00-0037834,24.1,22.62187768898792
00-0037834,17.18,20.18704903085428
00-0037834,26.0,25.464267532266465
00-0037834,23.82,22.62678778100249
00-0037834,18.36,19.147459255800477
00-0037834,2.16,2.968510785972318
00-0037834,22.1,20.71178661345543
00-0037834,3.98,3.6745098963941825
00-0037834,21.12,21.08142097525518
00-0037834,30.28,30.833358205510606
00-0037840,14.4,16.136472213912032
00-0037840,15.2,12.913576930491566
00-0037840,31.6,25.531825065292345
00-0037840,20.4,21.98629318777703
00-0037840,15.5,18.97246689214413
00-0037840,19.6,23.979852026041968
00-0037840,22.6,14.939513826620468
00-0037840,10.5,12.472375541429273
00-0037840,11.2,12.946425169280698
00-0037840,8.6,11.579215587038476
00-0037840,11.2,14.123767667468847
00-0037840,18.3,18.050948643185247
00-0037840,23.700000000000003,23.900879710957373
00-0037840,13.2,13.655675750556048
00-0037840,19.9,21.752432209316222
00-0037840,16.2,14.643540509183794
00-0037840,18.200000000000003,12.9590758759971
00-0037840,9.5,12.645351969768777
00-0038040,4.6000000000000005,8.464621792352776
00-0038040,6.800000000000001,7.101731520359918
00-0038040,3.4000000000000004,6.904546195008233
00-0038040,3.0,4.8099392037018145
00-0038040,3.7,2.793483288622641
00-0038040,7.0,7.543039197518739
00-0038040,0.9,1.9360004453455049
00-0038046,15.6,9.196160224452818
00-0038098,5.0,3.2358487605931576
00-0038098,0.2,0.941677151709623
00-0038098,9.8,7.811177461937307
00-0038098,2.5,3.928683946052438
00-0038098,0.8,1.2161342567651572
00-0038098,0.5,0.784952824385322
00-0038098,2.9,2.697533332223781
00-0038098,7.800000000000001,6.462472421467855
00-0038102,0.3,1.0358585627490273
00-0038102,9.02,8.18927638859118
00-0038102,16.02,13.664774383029263
00-0038108,7.000000000000001,8.29546452920293
00-0038117,11.8,10.537994004945489
00-0038117,16.0,14.52092384500012
00-0038120,18.3,19.59904807972574
00-0038120,24.4,20.503044260951423
00-0038120,18.3,22.888966164782005
00-0038120,3.8,10.658033688727922
00-0038120,6.7,8.57721790954262
00-0038120,21.9,17.933975688415863
00-0038120,26.1,25.51427629520826
00-0038120,9.9,18.179765149764716
00-0038120,10.5,15.428391653316133
00-0038120,12.3,10.115619290841684
00-0038120,31.1,23.614938755941473
00-0038120,4.0,8.9011487092241
00-0038120,13.1,16.291085619174655
00-0038120,14.0,12.128573451349997
00-0038120,6.300000000000001,9.893991674715831
00-0038120,16.2,13.046487309312527
00-0038122,5.16,5.887324343996429
00-0038122,0.8600000000000003,1.1697253366141156
00-0038122,4.34,3.5025481095010558
00-0038122,11.12,11.064720903144957
00-0038123,1.0,0.4764347350819123
00-0038124,0.4,4.903358020233439
00-0038124,2.3000000000000003,5.76110691608773
00-0038128,12.98,10.5193621982579
00-0038128,25.380000000000003,22.66411068465332
00-0038128,8.540000000000001,7.329296103319467
00-0038128,3.74,2.3332425815132996
00-0038134,18.9,20.555542234743378
00-0038134,33.6,30.93488733918431
00-0038134,14.6,13.205851495750347
00-0038134,20.9,23.213490980516916
00-0038134,23.3,18.640148091577277
00-0038134,8.5,11.889397808469823
00-0038134,13.7,15.421854701777994
00-0038134,13.9,15.162136305813737
00-0038134,13.3,14.338218250937011
00-0038134,6.6000000000000005,10.127382428492416
00-0038134,13.9,14.116967433003284
00-0038359,3.0,3.3895252481678546
00-0038359,0.6000000000000001,1.5260577632727663
00-0038396,2.5,2.4284078164663225
00-0038396,0.1,0.43462085394241085
00-0038396,6.4,1.9937133323274938
00-0038396,1.3,4.527716457116906
00-0038396,1.9,2.1956519459314183
00-0038396,2.0,1.5488299520403122
00-0038400,18.86,17.632738763354922
00-0038454,5.800000000000001,7.9340386915899455
00-0038454,1.0,4.220172413946328
00-0038476,10.760000000000002,9.09443949111443
00-0038496,0.5,0.6501073479867174
00-0038542,16.1,18.305825605429373
00-0038542,16.200000000000003,22.33438704931223
00-0038542,13.2,19.26789100081979
00-0038542,11.4,9.275034159007777
00-0038542,10.7,14.046293589000598
00-0038542,25.5,26.904878149600883
00-0038542,23.3,21.028173198414205
00-0038542,23.6,17.63336406740324
00-0038542,21.5,24.4486297470027
00-0038542,29.4,33.38076386882058
00-0038542,10.3,11.810937226135465
00-0038542,25.5,22.68121618084901
00-0038542,18.1,20.19830498556047
00-0038542,14.5,17.77894570739078
00-0038542,24.3,26.33734171738506
00-0038542,24.8,24.57876367215929
00-0038542,31.3,33.04206337377232
00-0038543,21.8,28.37085771000216
00-0038543,11.9,10.238906546691318
00-0038543,19.6,16.59849162238007
00-0038543,24.0,21.586749013288692
00-0038543,5.3,7.599506691242336
00-0038544,2.3,5.085930631482379
00-0038544,22.0,13.464738122066144
00-0038550,1.78,2.1040001892466464
00-0038551,5.7,6.380382659120752
00-0038551,1.6,2.1405207871828815
00-0038551,9.2,10.073616530569051
00-0038551,4.6000000000000005,4.854365528915661
00-0038551,5.1,3.5115635024667586
00-0038551,2.9000000000000004,3.8667177608978123
00-0038555,7.300000000000001,7.151900194024749
00-0038555,0.9,1.0328731273620515
00-0038555,9.0,6.625735631711904
00-0038555,25.9,23.98320486239763
00-0038555,2.4000000000000004,3.1815167629641126
00-0038555,23.8,27.079441974629997
00-0038555,10.6,10.145992567799587
00-0038555,2.2,2.6831619309182084
00-0038555,0.4,1.8369867204678971
00-0038555,4.5,3.109376215778397
00-0038555,13.2,13.448104655084295
00-0038555,4.2,6.4814665125026245
00-0038555,10.1,11.813507055146099
00-0038555,3.3000000000000003,4.642497185626988
00-0038555,11.2,11.61110617461018
00-0038559,6.9,8.315908353393544
00-0038563,15.4,18.908307930578808
00-0038563,4.6,7.569801032877203
00-0038563,7.7,5.652244900550962
00-0038563,5.300000000000001,4.444229291681463
00-0038563,6.5,6.248735817473591
00-0038563,13.9,6.866862581022616
00-0038563,10.9,5.38841273622661
00-0038573,0.9,1.4901631666973094
00-0038573,0.8,0.5549165602891737
00-0038573,3.2,1.9964781876934685
00-0038573,3.3000000000000003,1.7038174304937592
00-0038573,3.0,1.8607146385865392
00-0038573,1.6,1.5446932939152906
00-0038579,6.76,9.538502212411457
00-0038579,11.48,9.669072018640355
00-0038579,15.860000000000005,15.854985444487436
00-0038582,0.2,0.9991723044832665
00-0038582,0.2,0.30009478287551655
00-0038583,3.6800000000000006,5.983690049353538
00-0038583,0.32,2.4110795391834654
00-0038583,7.180000000000001,8.228977423646786
00-0038583,3.8,4.007473873574078
00-0038583,0.8200000000000001,2.2209736973776777
00-0038597,5.300000000000001,5.172781409303131
00-0038597,3.1,5.35572562254527
00-0038597,8.9,8.779226753290112
00-0038597,23.200000000000003,21.358331194911393
00-0038597,14.4,8.459900888856534
00-0038597,14.4,14.501199248997835
00-0038597,7.300000000000001,8.081939134814524
00-0038597,11.4,12.763154167247087
00-0038597,26.700000000000003,19.99778757552363
00-0038597,22.4,19.846514055423057
00-0038597,19.3,21.419404106761085
00-0038597,19.0,22.08518300650389
00-0038597,24.3,20.02399378575357
00-0038597,26.3,23.89137216011178
00-0038597,13.9,16.897511072465488
00-0038597,13.1,15.138064259925335
00-0038611,5.2,6.308570162025074
00-0038611,0.4,0.5932749708625352
00-0038611,15.4,15.104249350217012
00-0038611,0.2,0.20383666043943155
00-0038611,0.5,1.1021736869513363
00-0038611,9.8,8.114654300825975
00-0038621,14.8,9.423712227942797
00-0038621,11.3,11.708444889500825
00-0038621,7.9,8.209196738688721
00-0038622,0.4,0.6078938818055353
00-0038622,2.7,2.743953936259789
00-0038622,2.3,2.080695760415904
00-0038622,2.7,3.3259047256715353
00-0038622,3.7,4.574594991684427
00-0038636,1.1,1.282774563362771
00-0038636,0.5,0.3505737677751187
00-0038636,6.5,4.790556498067511
00-0038636,0.9,1.7534698533460045
00-0038636,3.9,3.6117750559664645
00-0038636,4.6000000000000005,5.084606795129715
00-0038636,4.9,5.738773002950886
00-0038678,1.1,1.3993483608788675
00-0038678,3.8,2.1102956976255167
00-0038678,4.800000000000001,4.774662593007333
00-0038678,2.4000000000000004,3.806260616915036
00-0038678,0.3,2.1852408114822417
00-0038678,8.2,4.927270690518152
00-0038678,5.5,5.425763192827225
00-0038685,0.3,1.1465310327857197
00-0038685,2.1,1.9071740766715388
00-0038685,2.7,1.9425739469420027
00-0038685,7.1000000000000005,3.973667752279051
00-0038685,3.6,5.804857251256057
00-0038685,4.9,5.228423312833887
00-0038685,0.3,0.6175603670374931
00-0038685,2.5,1.8041436985200543
00-0038685,9.5,9.660395380809085
00-0038685,5.9,5.9750516142088195
00-0038705,4.6000000000000005,4.530335585572008
00-0038705,0.7000000000000001,1.648374990683229
00-0038705,3.4000000000000004,2.710379024490985
00-0038705,11.4,6.737623958503486
00-0038705,1.4,1.1961212136361543
00-0038705,16.0,12.67694304964369
00-0038705,2.2,3.0283665166468503
00-0038705,1.4,0.7348282637119998
00-0038705,2.5,1.7426244049250452
00-0038738,4.2,6.132689791984785
00-0038738,3.4000000000000004,5.254251743540754
00-0038738,2.9,2.2851568887777947
00-0038738,0.4,1.5165118035210392
00-0038738,1.5,1.4273718217230413
00-0038794,5.800000000000001,4.053860976095864
00-0038794,0.6000000000000001,2.02930952590231
00-0038794,8.4,9.255745498522192
00-0038794,5.6000000000000005,4.9435238018623995
00-0038794,11.5,4.538495294983155
00-0038794,4.5,3.59449682222423
00-0038794,3.5,5.473269884309284
00-0038794,12.6,6.799374893923175
00-0038794,5.0,4.168202438291806
00-0038794,1.2000000000000002,2.4822506015467614
00-0038794,1.9,3.2281975696179375
00-0038794,4.4,4.337035820020284
00-0038794,9.4,7.584017164876404
00-0038794,6.4,5.290056269072282
00-0038794,9.6,10.052274024158931
00-0038794,6.800000000000001,8.44088757273536
00-0038797,6.800000000000001,5.520665799119838
00-0038797,0.9,3.055481374280215
00-0038797,16.5,8.895452056142753
00-0038797,2.7,5.886836998515881
00-0038797,2.5,4.527677970172196
00-0038797,8.3,6.288709962938188
00-0038797,1.1,2.9371381214736663
00-0038797,2.3,3.6780527613431904
00-0038797,9.9,9.08114266022993
00-0038797,1.7000000000000002,1.31508336309036
00-0038797,4.1000000000000005,4.802531865604813
00-0038797,2.0,1.6201414200945312
00-0038797,0.7000000000000001,0.4321766204955767
00-0038797,0.9,1.2623004751245421
00-0038797,12.6,10.9024263457096
00-0038797,8.9,8.684199224358203
00-0038797,14.1,12.961299045303297
00-0038797,3.9,2.358803604883062
00-0038951,0.4,0.2975921518888519
00-0038951,2.7,1.2724249543188322
00-0038951,34.2,22.016223490903705
00-0038951,4.800000000000001,8.290165341453276
00-0038951,2.5,4.6056353100457565
00-0038951,2.7,3.898919037150635
00-0038951,8.0,8.831008762953875
00-0038951,4.7,4.548153971536545
00-0038951,1.7000000000000002,2.8296134749678443
00-0038951,5.4,5.554154114266069
00-0038951,1.6,1.2993781605543735
00-0038976,3.4000000000000004,2.3990300130091495
00-0038976,7.0,5.6096365008995415
00-0038976,13.3,8.851968164000567
00-0038976,19.9,16.05053303920274
00-0038976,9.5,10.844182569098084
00-0038976,3.3,10.560835141233634
00-0038977,8.9,11.193364506494705
00-0038977,2.3,8.105723878315379
00-0038977,9.8,8.270180087597819
00-0038977,6.1000000000000005,5.582522249626554
00-0038994,22.9,18.704973782826663
00-0038994,16.1,10.777133938573305
00-0038994,4.9,5.480631942813232
00-0038996,3.5,8.123805861600164
00-0038996,7.6,14.302017337941152
00-0038996,9.5,9.745235361429877
00-0038996,8.6,10.847097814362941
00-0038998,1.7800000000000002,1.7484386860739978
00-0038998,5.88,4.459598387077879
00-0038998,0.66,2.353367228508895
00-0039021,10.2,8.764786161084912
00-0039021,8.6,11.298549368112731
00-0039021,14.5,16.028946206640455
00-0039021,5.300000000000001,3.875283009316524
00-0039021,6.6,7.175904384310954
00-0039021,4.1,3.56407636945668
00-0039021,11.1,11.343536637597504
00-0039021,8.2,8.12761179792054
00-0039021,0.3,0.30387587486399115
00-0039021,0.5,1.9348514656152425
00-0039021,6.9,4.0328585610609125
00-0039032,7.2,5.945616602518023
00-0039032,5.1,5.4981408526737034
00-0039032,10.1,8.432459811028963
00-0039032,11.9,14.807418544991007
00-0039032,2.7,5.138433596412269
00-0039032,8.100000000000001,6.347559802841594
00-0039032,0.3,0.8818378397150197
00-0039032,3.3000000000000003,3.3247010684663802
00-0039032,27.200000000000003,15.777693711237418
00-0039032,21.6,21.341945561012917
00-0039032,13.3,16.85677248374862
00-0039040,23.0,20.53635395526653
00-0039040,29.5,22.717422543349645
00-0039040,8.8,15.115659812529772
00-0039040,5.9,12.294683091819406
00-0039040,2.7,4.075174373017286
00-0039040,10.5,10.201996970562233
00-0039040,26.700000000000003,15.87856655164848
00-0039040,32.1,26.332684078031868
00-0039040,10.2,16.624339972450734
00-0039040,20.5,24.49788781519405
00-0039040,20.6,11.558594554069476
00-0039040,21.0,13.809802477439588
00-0039040,18.9,26.123298270915573
00-0039040,14.6,17.944762032001023
00-0039040,31.0,29.86127449282445
00-0039040,5.800000000000001,10.159797786528078
00-0039040,18.1,21.826203794665314
00-0039062,4.3,1.285806623042847
00-0039062,5.0,6.51843859395629
00-0039064,11.1,17.51707797562906
00-0039064,5.300000000000001,7.7862735851008305
00-0039064,19.0,16.864756864970264
00-0039064,22.4,25.249801052074055
00-0039064,4.0,8.867961036598649
00-0039064,15.3,14.672788168110928
00-0039064,3.1,6.328673021297609
00-0039067,29.1,26.812691169913734
00-0039075,8.2,12.28625479675793
00-0039075,18.1,23.698886499690353
00-0039075,17.3,16.628095107121872
00-0039075,41.8,30.0753128631648
00-0039075,17.8,21.06302214302932
00-0039075,10.1,11.447657356855
00-0039139,17.4,17.98370214149684
00-0039139,17.6,15.958726114868162
00-0039139,8.3,12.224144457273251
00-0039139,19.8,22.840052786012425
00-0039139,12.1,8.60572451047913
00-0039139,32.0,27.37182424624596
00-0039139,20.3,22.776501295772178
00-0039139,14.6,18.918119328355576
00-0039139,12.8,13.295948960652446
00-0039139,19.3,21.36118489065402
00-0039139,24.9,28.103324468224343
00-0039139,10.4,11.692704355443105
00-0039139,19.3,14.445905592610751
00-0039139,26.3,21.911722069510123
00-0039139,25.4,31.259061607583337
00-0039139,26.3,30.668324903165455
00-0039139,46.0,40.87649689638858
00-0039139,35.5,35.42613942922658
00-0039146,33.1,20.70646080727097
00-0039146,6.6000000000000005,8.83329633527659
00-0039146,10.9,15.110086332247713
00-0039146,27.1,21.420098098572733
00-0039146,13.7,17.603390908253587
00-0039146,19.7,8.243081418459063
00-0039146,11.1,8.877163191209616
00-0039146,11.1,8.556831158206538
00-0039146,5.1000000000000005,6.833614576908285
00-0039150,9.64,10.532981744545317
00-0039150,1.96,3.1885554204754394
00-0039150,3.12,2.484217535212408
00-0039150,13.56,13.168063703564465
00-0039150,9.74,9.755022016052191
00-0039150,10.04,10.272890049956757
00-0039150,16.52,16.08430715755017
00-0039150,23.62,22.92107295360064
00-0039150,12.54,12.706275808885977
00-0039150,11.96,15.11041299535905
00-0039150,27.12,25.866232916932105
00-0039150,16.92,14.689256298651566
00-0039150,36.44,31.00855628252759
00-0039152,6.68,8.954552617548734
00-0039152,11.48,10.084850262931846
00-0039152,13.599999999999998,17.02570466998559
00-0039152,-0.5,1.5797003859106893
00-0039152,7.46,7.738292209313602
00-0039152,19.1,17.13727222347311
00-0039152,15.6,16.79291028849038
00-0039152,16.12,18.490686558028937
00-0039152,7.02,5.586376846301525
00-0039152,9.8,7.381627412766906
00-0039163,18.66,17.757979794089444
00-0039163,9.8,11.338318901165417
00-0039163,23.5,21.37223386506068
00-0039163,15.94,16.902792617113374
00-0039163,18.38,20.419909796371186
00-0039163,5.34,5.582501552242253
00-0039163,11.54,10.337088877732466
00-0039163,9.78,11.624728659253373
00-0039163,10.88,11.875532636856263
00-0039163,15.680000000000003,17.606624880191095
00-0039163,14.38,12.436436203611239
00-0039163,11.64,12.535349656569956
00-0039163,16.06,16.090590628012407
00-0039163,6.1000000000000005,6.192325396194224
00-0039163,15.48,15.180864673921855
00-0039163,14.0,11.862989165485278
00-0039164,26.08,24.526451575151853
00-0039164,9.86,13.289960256483981
00-0039164,5.08,7.1920777886345455
00-0039164,5.24,2.9491879124364266
00-0039164,8.760000000000002,7.34108453919609
00-0039164,11.5,9.953893368448222
00-0039164,28.08,25.338321093385098
00-0039164,12.98,10.200717230321212
00-0039164,19.16,22.11978008072224
00-0039164,12.38,13.321449591027484
00-0039164,20.24,19.084228677324134
00-0039165,12.1,9.971538005738415
00-0039165,17.9,18.789315001629447
00-0039165,25.700000000000003,26.719892735536952
00-0039165,8.8,8.22150156358395
00-0039165,6.0,7.011969356527439
00-0039165,4.5,7.562946698077574
00-0039165,1.9,4.65611920779288
00-0039165,11.4,9.477961735839443
00-0039165,5.300000000000001,3.273530345779606
00-0039165,2.5,4.959938468725639
00-0039165,2.2,4.615135268910476
00-0039165,12.1,9.512677552141634
00-0039165,38.3,30.413087678661107
00-0039165,13.6,12.991276373528434
00-0039165,10.6,10.761221581356912
00-0039165,5.9,10.255533428088906
00-0039244,0.6000000000000001,1.1559845013761243
00-0039244,1.2,1.4109728329388984
00-0039299,1.0,1.2116361970305445
00-0039325,0.3,0.6105201092439014
00-0039325,0.4000000000000003,0.7234003797033102
00-0039325,8.4,6.8943921713656735
00-0039325,-0.3999999999999999,0.45898202639646607
00-0039325,1.2000000000000002,2.8672692807060716
00-0039325,1.7000000000000002,1.9592346416929138
00-0039325,2.4000000000000004,1.6739555118185037
00-0039325,0.9,1.6312897513225568
00-0039325,0.3,1.2018083983798373
00-0039325,1.7000000000000002,0.865953403198158
00-0039325,2.3,1.6179415758217857
00-0039325,4.7,3.490259249734897
00-0039337,28.200000000000003,28.709262367174503
00-0039337,15.3,15.212340682351156
00-0039338,5.1,5.146443223184202
00-0039338,30.200000000000003,28.772864398308798
00-0039338,8.2,10.547961333802109
00-0039342,19.6,16.191282532276094
00-0039342,2.9,2.47393521430331
00-0039342,13.9,8.146186170183046
00-0039342,2.9,5.4869259265829085
00-0039344,0.7000000000000001,0.8111664031755662
00-0039344,7.1000000000000005,5.18462002888811
00-0039361,9.6,12.203718519730842
00-0039361,2.2,4.1411550399155495
00-0039361,11.4,10.284799629228077
00-0039361,12.5,13.173300583524805
00-0039361,5.6000000000000005,4.588418720689296
00-0039361,18.5,14.999073293771014
00-0039361,16.7,15.520578353821
00-0039361,15.4,14.124859565080335
00-0039361,6.4,10.23420381554063
00-0039361,17.700000000000003,18.17628456488079
00-0039361,27.200000000000003,22.37834723032007
00-0039361,27.5,25.895977888314818
00-0039361,2.8,12.778574256712233
00-0039361,13.3,14.219655069079826
00-0039361,18.200000000000003,17.341781661827522
00-0039361,23.0,21.490405727282337
00-0039361,16.4,22.07068652803893
00-0039361,16.3,14.533200181161407
00-0039363,1.9,1.6872319670640976
00-0039363,2.2,1.9775179462519343
00-0039363,9.9,7.336718924647376
00-0039363,1.7000000000000002,1.3169715537428304
00-0039363,19.200000000000003,15.690931169520965
00-0039363,8.6,10.107385391829268
00-0039363,26.8,20.134968556392682
00-0039363,11.5,10.823705773195583
00-0039363,13.9,12.647806517491333
00-0039363,0.5,3.732138436412716
00-0039364,0.5,0.6508771105180714
00-0039364,0.9,2.8209033756293445
00-0039365,5.7,5.114667281163096
00-0039373,1.4,0.9872048445299739
00-0039373,1.3,0.6977985276445029
00-0039373,0.9000000000000004,0.54746620308384
00-0039373,0.4,0.26303687355978417
00-0039373,3.5,2.9254513600776306
00-0039373,5.300000000000001,5.788135017959931
00-0039373,5.5,4.500414683079993
00-0039373,1.5,2.856631724534312
00-0039373,1.2000000000000002,2.256018303767874
00-0039373,2.8,2.0270946401724435
00-0039373,10.8,11.540231898434808
00-0039373,4.7,4.007080320475167
00-0039373,9.4,11.895517131030122
00-0039376,10.420000000000002,11.511854042051555
00-0039376,6.280000000000001,4.729059974539931
00-0039376,4.92,4.671537545519295
00-0039376,13.32,13.988392467164891
00-0039376,14.7,11.878041965509151
00-0039384,1.7000000000000002,2.0094825735070483
00-0039384,0.2,0.5151711938453546
00-0039384,6.0,4.253483177690879
00-0039384,3.1,4.124494658216185
00-0039384,14.0,15.193606595287507
00-0039384,22.700000000000003,21.782142381262183
00-0039384,6.2,6.9766601424720855
00-0039384,23.0,25.582110205364952
00-0039384,7.9,8.772058099925978
00-0039384,15.4,17.74650248220615
00-0039384,9.0,5.174743008498412
00-0039384,14.5,14.119882898763906
00-0039384,19.3,19.695765901082872
00-0039384,4.5,8.282354820439734
00-0039384,16.9,11.970849665658998
00-0039384,9.3,13.424849817709136
00-0039384,8.600000000000001,12.082639689166596
00-0039391,13.1,10.941428856858453
00-0039391,2.9000000000000004,7.075364551628725
00-0039391,1.6,4.862623466508343
00-0039391,0.7000000000000001,2.0957237645246987
00-0039391,2.0,1.657685340539495
00-0039391,3.4000000000000004,3.372916903464264
00-0039391,4.2,2.504249978019405
00-0039391,2.4000000000000004,3.7946762847267848
00-0039391,2.4000000000000004,3.5148693487402065
00-0039393,1.7000000000000002,2.033180559967467
00-0039393,1.5,2.040381623620437
00-0039398,19.24,17.9645968555724
00-0039573,3.3000000000000003,4.894687587240508
00-0039589,1.1,0.5765437199458094
00-0039603,0.2,0.2756646206933962
00-0039611,1.1,0.605848302945066
00-0039617,4.9,5.706544771873345
00-0039692,0.2,0.3705055892455465
00-0039703,1.9,1.864243293661706
00-0039732,9.02,11.283041930655198
00-0039732,8.26,9.452842254636233
00-0039732,19.34,17.59804749866007
00-0039732,4.7,5.861729430956847
00-0039732,23.14,22.156906956467758
00-0039732,20.74,17.67431572021183
00-0039732,14.06,14.31674911877757
00-0039732,25.76,25.5487702501843
00-0039732,17.72,10.751817977451992
00-0039732,28.78,29.104885826736272
00-0039732,19.42,17.366451128786277
00-0039732,12.16,14.696126827864735
00-0039732,13.5,18.394802226233807
00-0039732,21.02,19.95458487603847
00-0039732,21.86,21.95300208360612
00-0039732,33.54,33.280098854377414
00-0039732,14.06,14.06016816831952
00-0039738,2.8000000000000003,3.1390592657676124
00-0039738,4.300000000000001,3.333082227948595
00-0039738,1.1,2.2007640718464363
00-0039738,2.8,3.4277876854674325
00-0039738,2.5,2.2766191887974125
00-0039738,3.8,2.6949461020743435
00-0039738,0.5,0.7176111054343665
00-0039738,4.2,5.125646973494065
00-0039738,3.4000000000000004,3.3106517995750915
00-0039738,4.0,3.3719025028605176
00-0039738,1.4,3.0132708037187816
00-0039738,3.2,2.0703461140025374
00-0039746,1.5,1.624268497127277
00-0039746,3.4000000000000004,3.491475292486112
00-0039746,0.4,0.21457378523891973
00-0039746,10.7,7.243602082169905
00-0039746,13.7,13.08333368797601
00-0039747,1.2,0.9799013638541882
00-0039747,13.9,5.022662067205898
00-0039751,12.8,12.140269264393805
00-0039757,1.3,1.6515885765027192
00-0039757,2.0,2.1368732425914154
00-0039794,2.7,2.238710926126052
00-0039794,19.6,15.356187706034497
00-0039794,9.8,10.079530838770081
00-0039794,5.6000000000000005,7.084202096348098
00-0039794,3.8,5.706220505162552
00-0039794,0.8,3.181978282704807
00-0039794,1.6,2.4519511489930044
00-0039794,9.2,9.926929561207938
00-0039794,0.9,2.118296917760981
00-0039794,4.4,3.329269383306479
00-0039794,0.6000000000000001,1.0646438629266417
00-0039794,4.7,3.9630499554036263
00-0039794,12.1,10.55347843891512
00-0039794,0.5,2.7802970029428566
00-0039794,2.0,3.8889490998776264
00-0039794,2.6,2.804874300023227
00-0039794,4.300000000000001,3.338508986118362
00-0039796,3.2,3.4930064365061946
00-0039796,0.2,0.35902002336920735
00-0039798,0.6000000000000001,1.227566850047429
00-0039798,1.2000000000000002,0.6636166098473324
00-0039798,12.2,4.2577267245779185
00-0039798,15.7,16.862848028911298
00-0039798,3.6,6.511559315537552
00-0039798,1.2000000000000002,2.9597985976647574
00-0039798,5.3,4.817158952339921
00-0039798,4.1000000000000005,4.848763365969003
00-0039811,2.8,2.9827499523677625
00-0039825,0.1,0.22861178585493425
00-0039851,2.08,1.9619181059114945
00-0039851,17.52,16.973205895936577
00-0039851,20.84,19.696499483085393
00-0039851,11.52,11.501742754694924
00-0039851,15.740000000000002,17.467830900102207
00-0039851,11.76,11.940771811357411
00-0039851,17.98,18.615653376410663
00-0039851,11.48,11.86364216472318
00-0039851,17.42,17.72554968351939
00-0039851,17.48,19.5458581282049
00-0039851,17.4,19.137647495762163
00-0039851,9.88,9.491129737572711
00-0039855,5.6,3.2979806802720217
00-0039855,9.2,6.448009000090062
00-0039855,23.0,19.226111532489206
00-0039855,19.0,14.383875406221106
00-0039868,11.6,2.884044993858651
00-0039868,1.9,3.8375321861232234
00-0039874,0.4,1.5062988582612353
00-0039874,1.7000000000000002,1.4286741168307668
00-0039874,3.2,3.25303669677056
00-0039874,8.6,7.732850893841421
00-0039874,3.3000000000000003,3.9574992847985775
00-0039874,1.8,1.8993184365984879
00-0039874,1.8,2.320125487316048
00-0039874,0.3,1.5099426596461865
00-0039874,1.6,1.6720858596551111
00-0039874,0.8000000000000003,1.0404172009439392
00-0039874,3.3,2.2697740167205662
00-0039874,0.3,0.5674708853440454
00-0039875,3.7,4.104190924434311
00-0039875,3.8,5.109927974154683
00-0039875,9.3,9.963626191116528
00-0039875,1.1,2.490091885184258
00-0039875,18.200000000000003,12.093265786650305
00-0039875,11.7,14.734483115180504
00-0039875,2.9000000000000004,6.205981918138896
00-0039875,17.0,7.844663974829142
00-0039875,0.6000000000000001,5.33678845367902
00-0039875,1.1,7.2034477905549075
00-0039875,13.7,12.009058715676193
00-0039875,10.9,3.536524742692961
00-0039875,3.9,4.441108539128802
00-0039875,2.3,5.38787464241419
00-0039875,14.5,9.484464426199725
00-0039875,0.3,1.2985435098108837
00-0039875,8.9,9.76917017779757
00-0039875,0.4,0.6417052410931016
00-0039880,0.9,0.9223544671246247
00-0039880,10.5,8.4843396491886
00-0039880,4.8,3.6614603295615953
00-0039880,1.3,1.8629668927625498
00-0039890,1.0,0.8394101566204417
00-0039890,9.16,5.2998258587743665
00-0039890,4.5,5.299367229264702
00-0039893,21.9,20.8904805826703
00-0039893,20.1,19.410392064516117
00-0039893,13.6,10.690590429847672
00-0039893,18.700000000000003,14.76064832972354
00-0039893,23.9,25.547994617288673
00-0039894,20.8,14.44131621169975
00-0039894,4.2,4.653768258902401
00-0039894,5.0,7.3549799092844115
00-0039894,11.8,15.839596260059729
00-0039894,5.4,5.836584435954957
00-0039894,16.8,7.953122086098783
00-0039894,9.1,10.639476706274605
00-0039894,9.6,10.61129662442837
00-0039894,19.6,21.694919284288318
00-0039894,20.5,16.693264206978117
00-0039894,22.9,19.303550206446637
00-0039894,22.1,21.451686815391383
00-0039901,6.0,4.6555918771261515
00-0039910,28.16,33.50477708275792
00-0039910,13.44,13.111439439776104
00-0039910,28.06,27.051841398523937
00-0039910,22.02,23.189042856986912
00-0039910,19.72,21.131576995157662
00-0039910,20.96,18.70543982804761
00-0039910,5.24,5.667436405010173
00-0039910,22.24,20.33974802702345
00-0039910,19.86,19.505670079141556
00-0039910,8.58,8.00416963827589
00-0039910,11.44,12.863851202795162
00-0039910,26.4,26.952370167520563
00-0039910,27.64,28.106663191098317
00-0039910,23.64,24.00666281435411
00-0039910,32.42,29.203607933858688
00-0039910,31.78,31.608709839385334
00-0039910,4.220000000000001,9.168427943095054
00-0039910,22.32,22.262512910144892
00-0039910,25.06,23.0049590924547
00-0039910,19.0,18.702569719709874
00-0039916,11.7,11.689756413040923
00-0039916,28.700000000000003,21.422705440153315
00-0039917,6.38,6.403501791570153
00-0039917,11.22,12.13704426319319
00-0039917,24.98,26.267249364479362
00-0039918,5.220000000000001,4.043951247011652
00-0039918,7.36,9.858917928621851
00-0039918,17.32,18.561989016252216
00-0039918,11.48,10.93136047615371
00-0039918,23.56,22.89255008037103
00-0039918,28.64,29.344787883527832
00-0039918,7.940000000000001,8.092856801564212
00-0039918,9.18,8.06622893061445
00-0039918,6.3,5.118280883028623
00-0039918,16.240000000000002,15.206494080196965
00-0039918,24.9,23.150702743246633
00-0039918,26.14,25.594587560717734
00-0039918,14.06,14.290085859371066
00-0039918,9.94,10.403547618492054
00-0039918,20.76,18.30332966542205
00-0039918,6.58,7.208756868056819
00-0039918,8.92,8.87253827298273
00-0039919,23.4,16.998553984937814
00-0039919,8.4,9.067626737539152
00-0039920,-0.1999999999999999,-0.20081370588264286
00-0039920,0.8,0.6235077911961341
00-0039921,2.8,2.952573924091477
00-0039921,2.7,3.3847505299858374
00-0039921,0.8,1.3702667986786394
00-0039921,5.0,5.576295352883008
00-0039921,2.6,2.6696688322556867
00-0039921,1.0,0.8023848764978234
00-0039921,12.5,11.059463938800233
00-0039921,10.7,10.4952431546889
00-0039921,1.8,3.0818344440369305
00-0039921,2.0,3.4536548720799742
00-0039921,2.9000000000000004,1.9327801556606297
00-0039921,2.2,2.5247894066843317
